delivery_id,order_id,delivery_person_id,delivery_status,distance,delivery_time,estimated_time,delivery_fee,vehicle_type
5eafd25c-81ef-4fbb-be01-791bfce02f67,627518c5-f6b7-4808-8954-0fbd51e1e08f,a79cf172-3e8a-419e-9f3e-fb1a2607e092,Delivered,6,36,63,72,Car
7b355ff1-f262-4ed2-9d74-b7608b00ad3c,77afd414-f632-4857-ad1a-ecfaad52da5c,e597f368-6742-4740-9539-ee6ae364fc17,On the way,5,45,82,63,Bike
1664f8e5-d426-47f8-b416-eb30dc421a1a,8f921be3-e83d-4ca4-85d6-5ee007b6ae27,a2be22d1-0a00-4e09-8ae0-41590e2bf8f5,Delivered,5,16,46,96,Car
14338f20-7f2d-4312-a8f7-be2d5c17ddfc,24d350d9-bd95-4ab8-81ba-dc08021d0801,0a26c2ea-4726-4ba2-baf7-5a2cf346f83c,On the way,4,63,24,42,Car
05e4a1e8-df2d-430f-845e-c3b2107a90e5,67f47775-d73a-4daa-9163-a376c080c9be,efd7a91d-a6a8-4303-9395-dd8689d2eb9b,On the way,2,31,50,90,Car
103625ca-419c-4e3a-a013-1b6f716d44d0,b8ec2978-21c9-4583-86b5-3833b5a75835,91e2e75a-f160-4957-ba27-810f67e73189,On the way,2,83,68,76,Bike
921ae440-281c-42e6-835c-a6009b8cabe6,c95771d3-b6ee-42d5-b0b1-382b87af5820,0d5c4e9c-8a50-45a9-b87c-1980708622eb,On the way,1,84,32,28,Car
26d0e6f6-5411-4353-9a9a-827484857b57,0c7420ee-f92a-435d-9e53-657f420655e1,e597f368-6742-4740-9539-ee6ae364fc17,Delivered,7,81,74,81,Bike
d698e1b1-f280-4abe-b109-8a1ebd0cacb6,f3f169a3-e2f2-43ba-8c2b-fa15c0b26f3b,868e33ba-a576-4d80-aa8d-2894f5222610,On the way,6,13,86,50,Bike
5c64ceb3-f788-4a5b-8cf5-92b9e3f0e7a5,53c9c7bf-5032-4d52-800f-379e3831ba73,1dfd4701-2a03-4248-a732-ca366164ad21,On the way,1,56,33,48,Bike
4f221000-f659-437f-84d2-c7ae384abdf0,0c7420ee-f92a-435d-9e53-657f420655e1,efd7a91d-a6a8-4303-9395-dd8689d2eb9b,On the way,4,39,82,70,Car
71e91c65-dcb8-41d2-84fc-5a8eeb3063c2,0d910bc5-346d-4eb8-b67a-e352feb585be,0c7f0320-6e93-4bbb-b853-9281a16c1896,Delivered,2,67,78,60,Car
c2fbb30a-adcd-41f3-a8cb-5f3c918485cd,13ac62dd-26a7-42ef-aa01-c6e4f37561b4,86a861af-c282-4789-8733-c84ab6d35ce3,On the way,5,69,20,51,Bike
1b1fe302-3a43-4533-aabf-0b99d9026636,ab94de28-9363-446a-9602-7a61af943b75,93c535c5-3cd5-402d-82b6-f04d6c472989,On the way,3,70,26,61,Bike
1968a5e1-567b-4f2e-9f4a-4c402a324f35,bc5ddc2a-c2d8-4a20-9ccb-cce262913f40,b685924c-4e6a-4ee5-97f4-01cf105640a8,On the way,6,52,79,32,Bike
ade96c1c-b5c9-4cf1-bfcf-6779954a3331,5efd508f-3247-4476-9300-9460152d4ea8,e2894523-249c-4208-8812-8b242fcdc2e8,Delivered,6,31,44,75,Car
c18bd282-b12e-4760-a6c7-fbfdbb9ef650,4310584d-7376-4a1a-8789-e79fb9c4d117,b685924c-4e6a-4ee5-97f4-01cf105640a8,Delivered,9,70,79,49,Bike
2399eee9-dd12-406e-a201-fff2498348f4,3ec3ea16-3a2d-45f5-a448-509405cbbad5,f5e213cf-1a5e-47bb-b045-eb59196fb60d,On the way,4,73,43,59,Car
7d1be6c7-476a-497c-9414-e5f157d71065,4e68760e-e998-4faf-9b4e-4097bb3a3b75,697bbdd4-0872-4046-8282-eb23fc0440af,Delivered,3,82,47,26,Bike
4f20fce9-7648-4a15-9f2d-f1d317d34200,93d6bcad-9ffe-4795-86aa-5c03933a6350,a2be22d1-0a00-4e09-8ae0-41590e2bf8f5,On the way,6,32,67,91,Car
02bb95bc-a4cb-43af-8a8e-77bc70bd2976,31c6dad0-a108-4b1c-a0dd-c4baa7923188,38314654-704c-4302-9c07-ae163bb6204d,On the way,9,83,65,56,Car
1f1c1429-b06e-4746-8fc2-6787c9a1868a,adc00ef5-6865-409a-b799-8e5b1d1a9e48,deb2bc53-73c9-484a-8e26-5702c4f11d54,Delivered,2,49,23,20,Bike
75ae6e40-9dee-4019-be3f-b5785dcda3d3,59f8748f-d247-4058-835e-4aa7e0e7834f,561618f1-7ac7-4461-9a26-616ed49bc2b4,Delivered,5,72,58,25,Bike
f8481505-4279-40bc-97f0-4968a64c4088,c2daea68-0f37-4284-b86f-30611fdc6e75,5e413c08-199b-4b87-bffb-a72a45b364b6,On the way,5,64,78,62,Car
ee94138c-66b4-4cbb-80bf-31d6f84ef42a,75b0ca63-f40b-47cb-9dcc-dd790ad371d8,5c48a9a3-fd55-4058-a2c0-8732eee6ae01,Delivered,3,44,68,28,Bike
5236396b-fdf0-4803-89f0-cdd8568769ed,b3919930-86cd-4d16-b64f-703a98892326,18dd01e9-c968-4520-9496-2302d8cbdb1f,Delivered,9,66,66,86,Car
c477b8ea-ede3-4c7c-868f-5857695620c8,e4bb8c51-ecdc-4d6d-860d-0c2b290c7155,91e2e75a-f160-4957-ba27-810f67e73189,On the way,8,62,75,71,Bike
a5d5d0fa-3aef-4ee6-bb36-e571f6dd139d,95bf0b8d-ca90-4695-a5eb-6719037ce03d,ca180657-ad0f-40ed-a105-35ed58b13504,On the way,1,81,67,97,Bike
7392ebba-e6c2-48b6-888f-4b74c764157d,12a72ae5-ca9d-4210-aedb-05f50b3f6527,a3e0c711-0122-43a5-9835-aab68a39c146,On the way,5,83,27,80,Car
14a5eb93-a265-496d-873e-d6aef697240c,6e43565d-ed2b-4058-b56c-1564945acf2d,9079b569-8e56-458a-bd5a-3800c7bada09,Delivered,8,12,77,97,Car
dec819bf-efac-43d9-938c-89c311debf79,5ca64caa-6bc9-4d22-95d7-a9a031eb4130,512622b3-2f5d-4a31-8c00-5ed13be7267f,On the way,7,82,57,95,Car
247bdbd8-152e-485a-8e1a-ad86c6d22904,d9d423e1-1221-49bd-8e13-563a0758fd06,adbd8ee6-927a-48e1-ae56-cf43127405bf,Delivered,9,68,89,23,Car
aef414af-9a76-4c20-8839-f2693bc896a3,59542c1e-97a6-45ca-9efb-383eed3385ce,adbd8ee6-927a-48e1-ae56-cf43127405bf,On the way,3,46,49,77,Car
9d3b7950-25d4-4b92-a1b4-9e94fff4286f,daaf2200-88f9-4e97-b0a4-657866a98eb7,efd7a91d-a6a8-4303-9395-dd8689d2eb9b,Delivered,6,53,64,34,Car
b9ab166c-8a48-4936-b470-e2f29a7c9573,a46cb3cf-cc15-44e1-a90b-26b3951db0a3,369ed1d1-fd74-4506-b2ce-04c5e67e829c,On the way,6,84,85,64,Bike
f414d64b-eb7c-4503-9675-7262849102a7,f34e27ea-2b4b-41ff-b66f-33919d3362d0,1e3add3f-9aa4-488b-a846-329456420df3,On the way,4,89,77,42,Bike
e544baad-181f-4ed9-be56-352cd222639d,bb5645b5-00a2-4e6c-8ac5-7a645e370f25,1dfd4701-2a03-4248-a732-ca366164ad21,Delivered,6,82,39,28,Bike
c713e46a-b694-43c8-b566-efaeae026aac,5894abe7-c30e-4631-b5bc-5af4087e16be,d19163b5-7356-430a-82d8-26b2163204c1,Delivered,6,33,68,60,Car
4c2c0993-db5c-417b-91d3-6b82317dd46e,95bf0b8d-ca90-4695-a5eb-6719037ce03d,05249e3d-f5f3-4ddb-a42d-a93b7d516173,On the way,8,41,53,93,Bike
75264dc8-d7bf-4ff1-a0d3-dcf56c1e1820,2098ee8d-bb7d-4669-9443-82b4e653c6db,86a861af-c282-4789-8733-c84ab6d35ce3,On the way,8,76,49,88,Bike
cc92f9a8-340d-4cb9-85a8-15d836424458,52ad303d-3dae-49eb-bf99-841dccd21e2b,4019f096-38db-43b4-94bc-900ef9653bab,On the way,4,23,48,43,Bike
33a05f59-0cc5-4560-a7eb-4691ceb08f60,bab13dc6-695d-4022-ba81-47b276beceaa,b5a1af78-1fb5-4557-b668-0e7318ade2bf,On the way,1,51,73,62,Car
1c0ee3c9-ddb5-4de3-a6c4-e0d9176d4cb9,b3919930-86cd-4d16-b64f-703a98892326,4b0f18bd-da30-485f-a142-ad91d6b5cc4e,Delivered,2,82,69,67,Car
0af4a1eb-68de-4ed9-b3b3-4def66d961e0,a847ba65-4c39-4663-aa7e-f910ab873ef1,23f176fd-9014-46ed-8fad-983fd7ae0b97,On the way,3,61,53,92,Car
b425b04a-6d27-4466-9cbf-d28df36dc5e3,105e67f9-6b27-4c4a-b0e1-6e1e4f4dce31,9079b569-8e56-458a-bd5a-3800c7bada09,Delivered,8,10,50,70,Car
b8cf5699-8d08-41a5-9252-666c8862bf5b,d4929263-5189-4c26-9d1e-d32cbed4e925,0d5c4e9c-8a50-45a9-b87c-1980708622eb,Delivered,5,67,77,98,Car
cef1da1f-4e5f-4566-81a1-f13fc49faced,5580356b-9e99-4a8b-8533-1366e5d372de,c79901f4-e8ad-447a-b955-3a820cf1c8f3,On the way,9,49,81,99,Bike
830e310a-12a7-417e-8ce8-11b1d0284e9e,a0954b98-9ab6-41ac-9edf-0eb3a086482a,8b9c3688-5532-4b57-9dc0-02ce2f015318,Delivered,9,25,66,72,Bike
1a0d2002-6725-49b0-861e-9ac313db97f0,7e167527-3dcd-4d14-9c02-f4f2647862ad,de2a81b1-6a3d-4546-b920-892611cc2054,On the way,9,85,28,69,Car
ec09afc5-a253-4f29-9e4e-e63f55311e06,0162f877-5a38-4df7-b4bf-45c07a6ce5ad,dcef050e-3a54-49df-a6b6-8ab77c4d3d2f,Delivered,4,71,88,91,Bike
dfc6f0ba-4e8b-47ef-beb1-dc4f451474d7,1763b488-c2c5-497d-96a5-acf9bf0bb9ef,369ed1d1-fd74-4506-b2ce-04c5e67e829c,Delivered,1,20,21,52,Bike
fd70c7be-21b4-4e75-9742-3fe3f992e03e,a0e71ee0-917d-4067-a197-b7f8779aec26,f5e213cf-1a5e-47bb-b045-eb59196fb60d,Delivered,5,66,48,65,Car
61097225-558b-4c56-991e-43201fb27be2,8de43955-1f20-457c-b7c1-01ca99de0855,efd7a91d-a6a8-4303-9395-dd8689d2eb9b,On the way,7,18,49,93,Car
8f871673-7152-4b07-958d-75552af982c2,0312cd6d-b198-476c-8fbf-7080f47f6413,adbd8ee6-927a-48e1-ae56-cf43127405bf,Delivered,5,54,85,69,Car
6cd2b9e5-5b0b-47bc-a582-999625033438,4e544355-4d73-4378-acb1-6f2f5e2b62bf,abfe6df0-0e05-4b20-8091-292bf42d7dd7,On the way,3,53,77,46,Bike
d5898165-6d63-4303-a44d-393be3676950,4f613685-39c5-4acd-a4b4-ff6de3db44b0,4019f096-38db-43b4-94bc-900ef9653bab,On the way,5,86,52,42,Bike
e164d3db-4922-4080-a609-4c6ded07c834,5efd508f-3247-4476-9300-9460152d4ea8,33cdce3a-1408-4d09-a1de-4d757fde41c5,On the way,6,50,88,87,Bike
62327e63-3309-4ba8-91ca-8423bfb3ff52,5efd508f-3247-4476-9300-9460152d4ea8,deb2bc53-73c9-484a-8e26-5702c4f11d54,Delivered,6,26,72,37,Bike
d9dca123-19ec-4e57-81d0-ba724a8d8688,75b0ca63-f40b-47cb-9dcc-dd790ad371d8,0c7f0320-6e93-4bbb-b853-9281a16c1896,On the way,1,81,82,44,Car
dadd96e7-fff7-420f-8519-5ab62de9dcdd,6ca07624-5991-4a72-987e-65318411b42f,2d46c7a5-6517-4ea1-8895-e283294d6057,Delivered,5,71,25,35,Car
39c16d07-34e4-4975-a3dd-7e33c1254377,0a1e2ae3-b894-4cfe-9500-48592af5a490,ca180657-ad0f-40ed-a105-35ed58b13504,On the way,4,29,55,65,Bike
39f5cc24-85f7-44df-95a8-d8ddd847e1c6,15a9aca8-9561-48b6-b4de-41569d3c9ae8,ea0a83b6-e0fe-42b3-bc6e-7cbebdcd1644,On the way,9,16,30,63,Car
1c10b213-0a1d-459d-982e-4a156a3b02d3,eb655e55-067a-4f03-8e0a-3450ab8fae3a,9079b569-8e56-458a-bd5a-3800c7bada09,Delivered,1,17,71,22,Car
32879af9-dff6-4814-b4af-b0f7217c9b40,5b184656-4f2b-41fd-9a13-28b9ea14db37,e597f368-6742-4740-9539-ee6ae364fc17,Delivered,5,22,33,87,Bike
7fab9f1a-135b-402d-8d68-1cd20e3cf19a,dd179556-17c7-40d9-b7f9-a4b8a5929a7f,38314654-704c-4302-9c07-ae163bb6204d,On the way,4,17,21,27,Car
e2a14a71-8e74-4a90-989a-cbd86fbb68ef,935b05e2-38a4-4fe1-94f0-95db3fcb81d0,e597f368-6742-4740-9539-ee6ae364fc17,On the way,8,62,46,71,Bike
913669f2-2b1c-4f6d-8b37-e3993f2ab4d8,48358c3a-c890-4e03-96d7-f42bded43046,e9ffe4a8-0810-4879-a287-21a9944be64d,Delivered,1,22,83,31,Car
82f81821-21bf-4cdb-92fb-6eb6e984ad6f,6f961341-4f9a-4f14-aa53-9eccebee2d75,5e413c08-199b-4b87-bffb-a72a45b364b6,On the way,6,46,45,74,Car
a527fdc6-1ee0-4029-b6a6-13d8f20c70b3,99869dd6-84b6-4976-9f8c-d5a2a02b6c91,adbd8ee6-927a-48e1-ae56-cf43127405bf,On the way,9,86,77,48,Car
a2e1e2fa-6508-4a35-8ad7-9c9c0a670d44,4d7d296c-afd2-4728-bb1e-0cfe245e9ea8,f5e213cf-1a5e-47bb-b045-eb59196fb60d,Delivered,1,27,63,63,Car
b9158bad-14e7-41e0-b66d-8da4a68a269e,5aa423a3-8bc6-4f7a-b164-ca5ef3fd513d,91e2e75a-f160-4957-ba27-810f67e73189,On the way,1,64,43,37,Bike
7979ddf5-9f41-486b-b4ec-6e89af3f5d97,c6c187af-589a-42b5-a7e8-6eaa1f86dcf4,05249e3d-f5f3-4ddb-a42d-a93b7d516173,Delivered,4,14,56,62,Bike
47599b02-3e0c-4af9-b933-131585bdc453,ee8cc0f5-2748-449d-8423-2afa83e76483,f5e213cf-1a5e-47bb-b045-eb59196fb60d,Delivered,5,38,36,60,Car
e690a8b6-0bb5-4848-a923-1ddfac5bca60,6ca07624-5991-4a72-987e-65318411b42f,efd7a91d-a6a8-4303-9395-dd8689d2eb9b,Delivered,5,46,48,77,Car
142bade8-e92c-4146-98c4-d8a9f51afa1d,4d7d296c-afd2-4728-bb1e-0cfe245e9ea8,e597f368-6742-4740-9539-ee6ae364fc17,Delivered,6,72,58,35,Bike
7dd6ff59-bb06-469b-af81-cca88ce1d070,d4929263-5189-4c26-9d1e-d32cbed4e925,d19163b5-7356-430a-82d8-26b2163204c1,On the way,8,75,89,58,Car
e3a9d918-c78d-488c-961a-3cb8b2ba0d84,85546521-dcc6-493f-8b67-de4c4af09487,efd7a91d-a6a8-4303-9395-dd8689d2eb9b,Delivered,7,23,35,93,Car
e698224b-4c7d-4c15-9a31-1a2752dbf44d,48358c3a-c890-4e03-96d7-f42bded43046,ca180657-ad0f-40ed-a105-35ed58b13504,Delivered,1,40,46,68,Bike
200adb86-207a-440b-a330-78f7fb252263,34581982-19b9-493c-bb3f-bf6648a7803f,c231916b-5d01-4bfa-95d3-a7cb9a9cc526,Delivered,4,77,82,56,Car
62de75af-2f5c-49b3-8878-8f37c27cc2c7,18a67f3a-ecd8-4dc7-bbfa-0be983b397ff,b685924c-4e6a-4ee5-97f4-01cf105640a8,Delivered,3,68,34,90,Bike
2ca88ec9-4bb0-4e52-a0a4-c34e074da228,b905af05-fa93-4efd-9197-c75d14376f28,18dd01e9-c968-4520-9496-2302d8cbdb1f,Delivered,4,62,24,66,Car
62a6eeb6-a7e0-4c16-a986-80e8c0507fbf,4bf4d539-60bb-49d7-a611-647e12cfec20,1e3add3f-9aa4-488b-a846-329456420df3,On the way,7,27,61,91,Bike
5280a893-4813-4ceb-8db1-dbba05cba00f,ff242d4a-e506-43f2-953b-70f2be80d9d9,a79cf172-3e8a-419e-9f3e-fb1a2607e092,On the way,1,40,58,68,Car
05fbf05a-d06f-4581-8077-b29c58e86a31,82af5516-f531-4b65-9087-fe66a8b9be20,a3e0c711-0122-43a5-9835-aab68a39c146,On the way,3,66,66,22,Car
97523cdd-5d53-4c17-8e39-08cc35f6da4a,44902e11-7ea0-4a67-883f-812a8aa64986,0a26c2ea-4726-4ba2-baf7-5a2cf346f83c,On the way,1,49,47,58,Car
7817d721-5283-4411-81f3-7dd3f79c8ccb,c161f423-75a7-4855-8740-8919f77f059a,4019f096-38db-43b4-94bc-900ef9653bab,Delivered,9,69,52,82,Bike
f4afeb14-b71a-49c6-a900-b4cd51529f29,2707146f-f7a0-4f47-b374-33e391aee3be,d19163b5-7356-430a-82d8-26b2163204c1,Delivered,9,31,76,80,Car
a1c7b13a-7331-4b95-9992-2d95bf3cab72,c9b685d9-9a40-4fe2-abce-4c77abe61591,868e33ba-a576-4d80-aa8d-2894f5222610,Delivered,3,82,74,76,Bike
48ba8da7-b249-471f-bf07-cb75c53c088c,fb057897-3639-49ce-89d7-97dc9fd4ce17,9ae1304d-189a-478d-9b29-16c9ef0cb1e1,On the way,2,19,38,70,Car
4cbe28e9-b3d0-4807-88fa-5a1ece2b1f6f,3b0cf307-c7ac-4243-b68b-787d88e27e39,86a861af-c282-4789-8733-c84ab6d35ce3,On the way,1,56,70,84,Bike
368139c9-ce90-4f3d-a2f6-6876682c12b9,fc2c11b7-cadb-499a-8956-6156cc927bf0,de2a81b1-6a3d-4546-b920-892611cc2054,On the way,3,13,32,80,Car
c542150f-61b8-4f6d-bce6-c008edd9d507,3b0cf307-c7ac-4243-b68b-787d88e27e39,f5e213cf-1a5e-47bb-b045-eb59196fb60d,On the way,5,67,67,52,Car
ab31fc18-bd09-4c69-9df9-f883f487341b,dba6a032-7476-4302-a72d-72207597be06,c79901f4-e8ad-447a-b955-3a820cf1c8f3,On the way,2,37,34,96,Bike
7bc3fb60-b82a-4f8b-8dae-cb3cdee5e38c,12a72ae5-ca9d-4210-aedb-05f50b3f6527,31bfb9dd-1583-4773-98ca-4c62e9a901e2,Delivered,2,66,55,80,Bike
8d9cbe65-f5e6-4417-8cf8-353a6d95db70,51f02966-f1e6-4384-9e8c-190b73340fe0,93c535c5-3cd5-402d-82b6-f04d6c472989,On the way,9,10,36,45,Bike
41412095-37d8-417c-a627-6de129a86779,0ef860c6-bfb4-4eab-88ae-3155c734f391,f5e213cf-1a5e-47bb-b045-eb59196fb60d,On the way,2,55,50,89,Car
07a355f1-fab1-46de-abed-38d56b99af3e,c6d4b583-4067-4a6c-af6e-392eaaa351de,a3e0c711-0122-43a5-9835-aab68a39c146,Delivered,2,35,78,97,Car
dda2937f-0fa8-4d47-b970-7347721155f8,12a72ae5-ca9d-4210-aedb-05f50b3f6527,e597f368-6742-4740-9539-ee6ae364fc17,On the way,7,53,57,26,Bike
9d1896e4-ef6a-4050-b54d-f7de475217cf,b905af05-fa93-4efd-9197-c75d14376f28,9079b569-8e56-458a-bd5a-3800c7bada09,Delivered,1,12,78,20,Car
afe99fe7-bcc2-4a0f-8edd-0ff6247eb86b,e4bb8c51-ecdc-4d6d-860d-0c2b290c7155,7822d37c-6f24-4b18-a8c9-38e800aa13d1,Delivered,2,37,51,63,Car
b84a8e40-5458-443b-82f1-e7efa2bd97d8,2544cbfb-f3d1-41c4-a6b0-65413b489fac,516a70e5-c143-4cdb-ac72-3b4f95f9c1a9,On the way,4,42,65,48,Car
72f20768-c285-4093-9a95-2f508e3cc8b6,5af0ead2-44a5-4da9-a138-1be83d92f18b,f5e213cf-1a5e-47bb-b045-eb59196fb60d,On the way,4,77,43,49,Car
c94c0279-566b-4095-999c-d5fd44a51363,5b56bdfe-897d-4652-82c1-e1c625890fbe,2a6f158e-bb1d-4679-9b3b-ea2f5175b693,Delivered,5,41,60,84,Car
8125404c-4436-4bb5-a69a-2a72fcb4d2d1,739b83f7-ec48-4a85-8073-c25bf33455d7,5c48a9a3-fd55-4058-a2c0-8732eee6ae01,On the way,3,35,28,32,Bike
e50a9ef7-7cb1-4ed3-ad50-2d4b0f51e724,88c3ebbc-3694-4fba-a84f-9d0e179a074f,b685924c-4e6a-4ee5-97f4-01cf105640a8,Delivered,6,81,32,33,Bike
6158ce97-8aa9-4348-abd9-6e5326671f30,5bc2e73b-f1c9-4b13-947b-f201dc82680f,019373c4-226a-4523-8d75-2339a8ad94b3,Delivered,9,41,69,88,Car
300d6b75-1819-43f4-be75-551382cfd45f,1ea1e1be-8f94-453f-a964-85e1eb8d8ed3,7822d37c-6f24-4b18-a8c9-38e800aa13d1,Delivered,5,14,51,36,Car
f4585f9f-8c3a-4ef0-ad50-b1022d150629,a847ba65-4c39-4663-aa7e-f910ab873ef1,73aafd5c-5777-4661-a48e-9d0bcf5758d3,On the way,4,70,59,89,Bike
e89bb4c5-61af-4bbc-be85-5c2f0cf4a12b,b8ec2978-21c9-4583-86b5-3833b5a75835,46ed2c53-e651-4274-b0a6-a6cd3800cd29,Delivered,5,24,64,67,Bike
01fba2a4-4188-47f9-bcfe-c02407841e21,dc577b4f-4491-42e9-8b74-6745a6986214,a79cf172-3e8a-419e-9f3e-fb1a2607e092,Delivered,6,65,64,32,Car
de6f0229-892d-40f9-875f-a8e75d493354,b0e7c11d-6143-4235-be45-eb7d197ee1d6,33cdce3a-1408-4d09-a1de-4d757fde41c5,On the way,8,39,76,26,Bike
539f085a-d2c7-48af-bdba-a09924fd0b28,2b01fc6c-57f1-49b3-8004-460eaa29edf0,d19163b5-7356-430a-82d8-26b2163204c1,On the way,2,64,85,98,Car
b21dbb4a-5eba-43f1-b835-0a9ceebb7850,95663119-4e5a-4ca9-a4a4-841da1d75276,0c7f0320-6e93-4bbb-b853-9281a16c1896,On the way,7,52,31,76,Car
0f0d752e-e081-4199-a0b0-d9777af4cc2f,5af0ead2-44a5-4da9-a138-1be83d92f18b,863e24ac-ff8b-4466-93e0-2b91c58ed1b0,Delivered,7,16,72,68,Bike
09e53dc3-1b1d-4e3b-9ce9-f52fd70273e3,a3038752-cca1-4cf7-8973-df821998df36,d19163b5-7356-430a-82d8-26b2163204c1,On the way,7,38,62,49,Car
3e53b233-cc49-4ffd-9c8c-5327e109a528,5872bce0-95cc-4884-803c-9d0547db09a8,1e3add3f-9aa4-488b-a846-329456420df3,On the way,5,31,63,29,Bike
c67ea3ff-6a48-428b-b300-034386313537,9cbc4c6e-84a9-4aa2-81f0-8b1ad370178a,efd7a91d-a6a8-4303-9395-dd8689d2eb9b,Delivered,7,40,76,44,Car
27f85cbc-e187-4502-b8b0-628809230f0b,12a72ae5-ca9d-4210-aedb-05f50b3f6527,ca180657-ad0f-40ed-a105-35ed58b13504,On the way,5,23,34,97,Bike
f9bde97d-5a9b-47d4-94c4-466a78c313f1,5b56bdfe-897d-4652-82c1-e1c625890fbe,db567c38-1182-4775-b006-280857a2b743,Delivered,4,19,52,51,Bike
31ad4d7e-4ef6-45b0-9cac-5fe8f870becf,9ebbfc9b-2cb3-4e8f-ad31-4b0c1465ca9f,efd7a91d-a6a8-4303-9395-dd8689d2eb9b,Delivered,1,67,84,49,Car
7feea8e3-791c-4220-a15b-1513f8ac8a46,2170ccc7-f976-4a16-9154-3d33a628d398,abfe6df0-0e05-4b20-8091-292bf42d7dd7,On the way,6,86,84,82,Bike
62046353-bd66-4a04-a3fd-58fe076fe1c2,12a72ae5-ca9d-4210-aedb-05f50b3f6527,ca180657-ad0f-40ed-a105-35ed58b13504,Delivered,6,34,36,30,Bike
06545e11-d8f5-4870-9361-b5bdd3cd30cb,e4bb8c51-ecdc-4d6d-860d-0c2b290c7155,5e413c08-199b-4b87-bffb-a72a45b364b6,On the way,7,14,79,90,Car
9c5d01d4-2f1d-4b0f-a48e-7b2f30c38124,c6d4b583-4067-4a6c-af6e-392eaaa351de,0c7f0320-6e93-4bbb-b853-9281a16c1896,Delivered,7,62,75,88,Car
cbcaf14c-02dc-4d31-890f-000bf11f2729,33735aa2-db4c-46de-8122-8feac1fab76d,8be36129-bb03-4ea8-ae38-61ead76e0e98,Delivered,5,88,53,56,Bike
c5f7b1fd-076f-4273-b9ea-ee822120ce71,62ab0ec2-7df8-44ea-99ea-6d80463c5256,1dfd4701-2a03-4248-a732-ca366164ad21,On the way,9,78,74,63,Bike
d1b45ba9-b5e0-4e11-9d74-d1ab570eddac,8a7b9a92-a766-466e-bd22-03a40f5146b3,4019f096-38db-43b4-94bc-900ef9653bab,Delivered,9,22,84,33,Bike
a5b431f5-e5c0-47be-9353-c3f8c0232d66,178c03d0-0e01-40b4-8c71-cefed03e7b17,1e3add3f-9aa4-488b-a846-329456420df3,On the way,1,87,45,70,Bike
b3260509-e492-4625-831a-bf49aaf6512f,3925e6e0-dd93-455a-835e-6a6c02e135c1,516a70e5-c143-4cdb-ac72-3b4f95f9c1a9,On the way,5,13,32,60,Car
a7031240-9570-413f-b47a-fc300c40c040,67f358ca-df10-4646-b6fe-5bfd80c92e7c,ca180657-ad0f-40ed-a105-35ed58b13504,Delivered,9,16,85,66,Bike
3c215a7b-5403-41fa-9a5b-d28bdf83fa4f,33fccb9a-0a13-4303-a298-a1e59d6a0d0b,38314654-704c-4302-9c07-ae163bb6204d,On the way,1,46,34,74,Car
1459692b-3db7-4f34-bc69-5fe1a3280518,10a2b90a-313d-455c-bc4c-60fa51123f7e,05249e3d-f5f3-4ddb-a42d-a93b7d516173,Delivered,6,76,52,97,Bike
03656b2e-ae7f-490a-968a-48812ba9209c,f6c59c42-19ba-4c59-ae56-51c4937f9c1c,868e33ba-a576-4d80-aa8d-2894f5222610,On the way,5,85,59,78,Bike
cb450f2c-c8cd-49da-a9af-8472bff3cdb1,60fc8891-a30b-41cb-8fa8-69f22e2c44b8,863e24ac-ff8b-4466-93e0-2b91c58ed1b0,Delivered,9,89,81,52,Bike
4cc3168c-38d4-48c5-bc07-5a14b4244ad1,9cbc4c6e-84a9-4aa2-81f0-8b1ad370178a,93c535c5-3cd5-402d-82b6-f04d6c472989,Delivered,5,12,57,85,Bike
f5e54e35-fdcb-4e04-b773-f8d48b5a5763,9edfe55d-6625-4468-85f9-1be04fda89bc,b685924c-4e6a-4ee5-97f4-01cf105640a8,Delivered,7,63,71,69,Bike
3976cfde-879f-4fab-9f0b-6eb4e98c7079,3796f8a1-36d3-462c-8c1f-ace207635826,ea0a83b6-e0fe-42b3-bc6e-7cbebdcd1644,On the way,3,49,66,56,Car
92cafe88-1e5e-4c17-aaff-952fc68c41ce,eca02dd4-01f2-4277-96be-d836433dcfe6,deb2bc53-73c9-484a-8e26-5702c4f11d54,Delivered,6,15,23,76,Bike
75bd977c-757b-4724-b51b-72beeb15ac5f,97171dbd-ec07-4c71-806e-91a53235a788,e2894523-249c-4208-8812-8b242fcdc2e8,On the way,4,73,36,45,Car
2e31652a-55fa-493f-90d1-efc92d1f98fc,69b0fc10-f1b3-49bf-9659-c03e90ddb5aa,516a70e5-c143-4cdb-ac72-3b4f95f9c1a9,Delivered,8,56,25,21,Car
bacfe041-3da5-4988-82db-36f89f02b696,31c6dad0-a108-4b1c-a0dd-c4baa7923188,5e413c08-199b-4b87-bffb-a72a45b364b6,Delivered,6,65,65,29,Car
f2f1e734-9e02-4af3-85f4-4876d9cbce07,9a253385-d65a-478e-91b4-d687a2e1175e,adbd8ee6-927a-48e1-ae56-cf43127405bf,Delivered,8,25,85,41,Car
78a79e8b-26f5-467b-9928-0ce8d00b3a57,96b28c4d-93a6-4386-9949-0b6efa525b7c,f5e213cf-1a5e-47bb-b045-eb59196fb60d,On the way,2,38,55,32,Car
5d9bfbba-a714-417f-be94-560299aa9116,adc00ef5-6865-409a-b799-8e5b1d1a9e48,53831f57-f6d5-453f-94d7-95bf2d4df878,Delivered,3,17,22,39,Bike
912e1eed-f4c1-4e3c-9b29-4b09708e0a94,98e16873-bfa6-4d8b-91fd-8a6b22d39401,a2be22d1-0a00-4e09-8ae0-41590e2bf8f5,Delivered,5,16,32,41,Car
1ecb2dfb-f0a0-4137-9739-e311d52cf306,1fa7b9e3-a767-4f66-aead-d0aa59cbd252,e597f368-6742-4740-9539-ee6ae364fc17,Delivered,2,80,76,48,Bike
c2f393b1-cb20-4d74-89ee-b368437549e5,0312cd6d-b198-476c-8fbf-7080f47f6413,86a861af-c282-4789-8733-c84ab6d35ce3,Delivered,6,63,87,98,Bike
a76da528-d149-4632-9d8d-378e84dfd7fa,e351424f-be10-44f4-bdcc-03b9065c90c1,db567c38-1182-4775-b006-280857a2b743,On the way,7,29,48,55,Bike
c86ede23-7ede-4692-8136-e7438355ac28,0c7420ee-f92a-435d-9e53-657f420655e1,516a70e5-c143-4cdb-ac72-3b4f95f9c1a9,On the way,3,45,59,61,Car
1edfe170-e03c-4756-8c91-cd45909a81f8,62be1271-207b-48a9-b8bf-72d9f6df6285,1e3add3f-9aa4-488b-a846-329456420df3,Delivered,1,68,28,98,Bike
8477830d-6a62-4e6d-a4e0-c32b36a17642,c161f423-75a7-4855-8740-8919f77f059a,e2894523-249c-4208-8812-8b242fcdc2e8,Delivered,8,79,51,84,Car
a3774e82-67d9-44bb-af92-7d24cdca85c0,a1ec2103-4911-4a3a-aaa7-c2f4defd5e34,5c48a9a3-fd55-4058-a2c0-8732eee6ae01,On the way,5,61,41,46,Bike
2ce93ccc-bea6-4615-8060-5766d76aadbd,de37e7ac-01ff-4694-a0da-f8fa72b855a6,1e3add3f-9aa4-488b-a846-329456420df3,Delivered,3,55,41,58,Bike
7525fd8f-277d-4b24-90f3-99fe144bfa5e,f3f863f9-fdbd-400d-8345-656a781a5931,d19163b5-7356-430a-82d8-26b2163204c1,On the way,9,26,38,73,Car
1ff115ab-2539-4c0b-a8f7-bce1fa54d9f9,f4c952fa-8df6-4118-b2f2-d49803271c00,0a26c2ea-4726-4ba2-baf7-5a2cf346f83c,On the way,3,72,78,46,Car
835bac4d-458f-45ca-9796-9a478961ae25,058a52b0-a507-4410-a7c9-3c409f8a838c,44f0a59f-2c27-441f-984e-75f2f41c331a,Delivered,5,34,25,66,Car
5f229241-af6b-40fc-a238-171836a1b664,5894abe7-c30e-4631-b5bc-5af4087e16be,91e2e75a-f160-4957-ba27-810f67e73189,Delivered,4,80,81,83,Bike
dcdf8a0b-b1c5-41bd-9026-59c81e76a590,e128116d-15f4-452b-a09b-a1a43a5ae9f3,8b9c3688-5532-4b57-9dc0-02ce2f015318,On the way,1,71,60,70,Bike
19af2854-9eff-4fd5-bf1a-facc27acbb0d,ef98c1c7-69c2-4421-976a-b381d4355859,f2643ba6-0c5b-464e-a386-33d88b1fd3b2,Delivered,7,24,75,37,Car
03d26efc-7b61-47ad-927c-f6f5c0d4f0ee,8fce3b98-5f1b-4325-b6c2-f90743891f3a,4019f096-38db-43b4-94bc-900ef9653bab,On the way,7,19,84,79,Bike
229d40d2-7244-4dd5-840e-759083b3ae63,760da99f-0e0f-43ee-9056-183254d70056,91e2e75a-f160-4957-ba27-810f67e73189,Delivered,5,46,29,22,Bike
8d9a120d-98f0-40aa-9f40-dc4148160826,c50f4c38-3fc8-45d1-ad84-e5eaafd752db,adbd8ee6-927a-48e1-ae56-cf43127405bf,Delivered,1,58,69,77,Car
e445a80f-180b-4469-b012-349ff7adf2ac,8908e56f-212f-457d-a061-1e3e759ff826,e9ffe4a8-0810-4879-a287-21a9944be64d,On the way,9,40,52,89,Car
c89e23f1-421f-40d0-88f3-5c6cdd73fe72,7200f558-394a-49c6-bc86-64b2cf431c5a,0c7f0320-6e93-4bbb-b853-9281a16c1896,Delivered,4,41,32,22,Car
efb5575e-f7ee-45f0-aa2f-01fafcf17344,6957cd8e-88b9-4010-9c69-58ce27da8dc7,0a26c2ea-4726-4ba2-baf7-5a2cf346f83c,On the way,3,77,80,66,Car
bd7911ef-4974-4da2-a547-a51a93e6ceb5,542d2fb1-46cd-4155-b9f0-f71f7eb877d8,8b9c3688-5532-4b57-9dc0-02ce2f015318,Delivered,6,44,41,64,Bike
e415a54d-a14d-4e24-ae9e-3308a1539082,c15aa1e5-0d54-48ad-8eb1-e6884407d556,ea0a83b6-e0fe-42b3-bc6e-7cbebdcd1644,Delivered,8,23,75,72,Car
2cb1e5a4-77ce-4d8e-94c3-e4b57117d4ed,eeb3577f-27a8-4ee7-aef5-a57fb0cc5a44,05249e3d-f5f3-4ddb-a42d-a93b7d516173,On the way,9,43,36,70,Bike
98e7507c-907f-4478-b684-39b676998c1f,7cae87e6-91fa-4a49-9c02-e7a7c24df55d,7db0cc5c-c340-49b2-a90a-6e01970f0e15,On the way,4,36,77,59,Bike
ce518f9a-9803-426f-b469-1454aca7faa3,6b71676b-3e4f-44d9-a807-4b44f624e55a,efd7a91d-a6a8-4303-9395-dd8689d2eb9b,On the way,5,49,64,30,Car
c377450f-966a-4b23-a28d-4d0b02646dc2,eb655e55-067a-4f03-8e0a-3450ab8fae3a,863e24ac-ff8b-4466-93e0-2b91c58ed1b0,On the way,7,88,62,91,Bike
c28e191b-cdd7-43b5-9d0e-9af7407b9b87,0468828a-3e1a-4da2-bdfe-9bc5ca60768c,5e413c08-199b-4b87-bffb-a72a45b364b6,On the way,2,79,62,56,Car
a357b424-2081-49be-b524-4cf37fc1769b,53c9c7bf-5032-4d52-800f-379e3831ba73,019373c4-226a-4523-8d75-2339a8ad94b3,On the way,9,88,84,71,Car
c574dad6-f24c-497d-a321-ebc49074aca7,b3919930-86cd-4d16-b64f-703a98892326,abfe6df0-0e05-4b20-8091-292bf42d7dd7,Delivered,8,35,21,92,Bike
4f8fc0d8-4e78-4f15-a766-74206720e55f,c161f423-75a7-4855-8740-8919f77f059a,516a70e5-c143-4cdb-ac72-3b4f95f9c1a9,On the way,5,53,55,77,Car
d8ad8d5d-e107-4083-a951-bc6ce36ebc8c,abf44eec-3cf2-457e-a3af-e047a4616f0f,2a6f158e-bb1d-4679-9b3b-ea2f5175b693,Delivered,3,77,22,72,Car
f2bbbf7b-961c-4a9b-9c34-e10eb7b9e72b,52ad303d-3dae-49eb-bf99-841dccd21e2b,ee072d59-2e36-4f85-bcac-a0af973e1e31,On the way,1,16,23,43,Car
a2993aef-b48e-4f05-a003-49c080770aa3,746a56a4-0864-48f5-8665-9dec53d7fa90,516a70e5-c143-4cdb-ac72-3b4f95f9c1a9,On the way,7,89,76,75,Car
d732b4f0-1c84-48ef-a6fe-ba9a5aba535d,d77fe8d1-2a06-4b53-841c-07b9d15975e7,1b042668-fc6e-4649-9fe6-d8cd8d5034b8,On the way,6,59,34,94,Bike
35d51c74-3db8-45e8-911e-8fd21f2178ae,95b6f4d7-2e4d-4ded-852b-0276d4d09876,91e2e75a-f160-4957-ba27-810f67e73189,On the way,2,20,38,59,Bike
37506cd5-640d-4394-a51a-b685ba75802d,faa4f884-511a-4928-acb8-6403739c1db6,9ae1304d-189a-478d-9b29-16c9ef0cb1e1,On the way,4,37,41,41,Car
1c24d93e-d42a-49c7-8151-13ad0863ebcb,8c3ef04c-4ada-446e-8221-662b88c90d14,863e24ac-ff8b-4466-93e0-2b91c58ed1b0,On the way,3,62,29,38,Bike
35225ab2-8b0b-4b79-a3b8-9c8d30020502,546189f2-ac28-40fd-ad4c-f3d6421952f1,516a70e5-c143-4cdb-ac72-3b4f95f9c1a9,On the way,7,78,62,48,Car
68a03c14-7c0d-4dc0-ba0a-90854768e7f2,8c3ef04c-4ada-446e-8221-662b88c90d14,38314654-704c-4302-9c07-ae163bb6204d,Delivered,9,17,24,54,Car
1e806def-e988-4cd5-94d7-efb123d30eb3,0c33292b-1fbe-4096-bbab-0acf3e24da84,984402b9-6568-424a-9833-c3127fa08aaf,Delivered,4,79,56,64,Car
3d44d006-3032-4e11-88a5-d0d223b279da,86b1e31a-629e-4f83-9567-e8b306acec4c,93c535c5-3cd5-402d-82b6-f04d6c472989,On the way,9,15,59,48,Bike
41c328ce-e8e3-42b7-8c6f-82a863011237,81cd6378-b70d-48c4-9c4e-0980147c36f3,e597f368-6742-4740-9539-ee6ae364fc17,On the way,7,71,24,55,Bike
df65b72a-76dd-4027-b022-823a246b5f4e,601d238c-36dc-4812-ac7f-dbd1e662b793,0d5c4e9c-8a50-45a9-b87c-1980708622eb,On the way,5,43,58,25,Car
312f4974-3b6d-49ef-bb2b-7e8dfa8342e1,0e48147a-3b57-45cd-ba61-30abff28763c,ea0a83b6-e0fe-42b3-bc6e-7cbebdcd1644,On the way,4,72,39,61,Car
90dce68c-65b0-4d5d-894b-fd3d3e5c2d88,c974c884-a1b3-4255-919a-a5b6d893dd1b,93c535c5-3cd5-402d-82b6-f04d6c472989,On the way,3,20,22,26,Bike
8e049558-20cc-4d04-8c55-496791436977,ae10f673-ac3c-473b-95d2-29114087e486,516a70e5-c143-4cdb-ac72-3b4f95f9c1a9,On the way,9,41,82,54,Car
2851e422-3d2d-4b99-82d2-21e333d76a96,431e2c8f-d2b0-4bb8-b0cd-fed9fd5fde5f,8b9c3688-5532-4b57-9dc0-02ce2f015318,Delivered,5,10,53,78,Bike
4d1430c9-2f5a-4464-a633-b115e7f6ede9,11648c4e-eef7-4cee-958b-26717a5d816a,019373c4-226a-4523-8d75-2339a8ad94b3,On the way,3,20,44,45,Car
208b6d5e-c1a9-47f7-91c6-6c4bc4fae9ba,4f613685-39c5-4acd-a4b4-ff6de3db44b0,ee072d59-2e36-4f85-bcac-a0af973e1e31,On the way,4,38,68,91,Car
465c3a17-a3e2-4b8e-8bf1-43aa2d668bfb,c95771d3-b6ee-42d5-b0b1-382b87af5820,a3e0c711-0122-43a5-9835-aab68a39c146,On the way,8,68,30,86,Car
f4032f16-cc9e-4134-b1c4-a3cd677d614e,1b962348-bb15-4818-a822-92b255f0aeac,abfe6df0-0e05-4b20-8091-292bf42d7dd7,Delivered,1,77,22,78,Bike
2a41f4a0-4cf3-49dc-893f-ef1a96e605d4,5b56bdfe-897d-4652-82c1-e1c625890fbe,b685924c-4e6a-4ee5-97f4-01cf105640a8,Delivered,6,37,39,68,Bike
3e2f0bcf-052b-4a20-b0c3-bdb9a17b3c2c,a204745c-06e9-4510-9285-fe57af2f92d4,8b9c3688-5532-4b57-9dc0-02ce2f015318,On the way,2,18,79,54,Bike
e4309ef2-40a9-4c0e-bfbb-fe5a71ac49d4,7cae87e6-91fa-4a49-9c02-e7a7c24df55d,b5a1af78-1fb5-4557-b668-0e7318ade2bf,On the way,1,56,55,41,Car
492a15aa-b027-4dc9-8a53-d6a5e8ae3d81,22e176ec-5068-4bb9-8cae-26a66c47a699,ea0a83b6-e0fe-42b3-bc6e-7cbebdcd1644,On the way,4,86,36,87,Car
b1dad1e9-e9f3-48c1-b27c-ca72ad9435da,da078b6c-02e0-4d0c-93f8-e23b426b7a23,ca180657-ad0f-40ed-a105-35ed58b13504,Delivered,7,26,26,49,Bike
ceb14b84-a83c-4135-a42c-eab447ac4154,1f6b259c-7845-4a7a-88fe-71efdd65af18,74d780ef-895b-4569-9909-7bbd03d3aff9,Delivered,5,18,48,43,Car
e4467863-82e1-46e0-ae94-6ccb5913a8b9,c974c884-a1b3-4255-919a-a5b6d893dd1b,b685924c-4e6a-4ee5-97f4-01cf105640a8,Delivered,8,19,87,61,Bike
c3449b56-bbd4-455c-a1ae-70fc526d4144,5ca64caa-6bc9-4d22-95d7-a9a031eb4130,efd7a91d-a6a8-4303-9395-dd8689d2eb9b,Delivered,4,66,88,99,Car
3b108255-f143-43a3-9670-a6c9aab6fbab,818bb8b6-b375-41cf-982b-9e562c4e9783,9ae1304d-189a-478d-9b29-16c9ef0cb1e1,Delivered,4,82,30,39,Car
a7eb0f24-e62b-4e11-b4c5-3fc3d890d0fc,37f9c89e-d01b-418a-bb97-49541724df9c,c79901f4-e8ad-447a-b955-3a820cf1c8f3,On the way,9,67,75,59,Bike
ec09ee0c-ddd4-42d7-ae4f-92e5fb9151b4,77afd414-f632-4857-ad1a-ecfaad52da5c,05249e3d-f5f3-4ddb-a42d-a93b7d516173,On the way,6,48,70,77,Bike
225754e9-5112-47ec-b2b4-875424000f83,774f67e3-684e-411b-ac77-e73f0ef5efaf,ca180657-ad0f-40ed-a105-35ed58b13504,Delivered,1,33,24,49,Bike
9c316655-46b8-4b02-960c-7c1d8e4be368,904c7eaf-8f19-47dc-8381-875fbda552f7,0a26c2ea-4726-4ba2-baf7-5a2cf346f83c,On the way,5,36,65,85,Car
9adbce0f-6849-46e4-a6e3-ff6d93f3d619,d97d1a22-da5f-46dc-bbc7-083f4498d2a2,ea0a83b6-e0fe-42b3-bc6e-7cbebdcd1644,Delivered,2,76,84,42,Car
47c0cb51-3f57-4f72-a71d-de038c70066c,57b74efa-06f4-4af0-9f4c-ef8b4d786494,adbd8ee6-927a-48e1-ae56-cf43127405bf,Delivered,7,56,64,53,Car
36d8d078-c7d3-4d29-add1-b3957c46d490,9e71665f-a86b-44eb-87ee-a368c8a158e6,23c1f26d-ce2d-40b6-8c74-09a65add2b81,On the way,8,84,65,37,Car
502abf50-3534-41de-8231-40080be35e6d,a0e71ee0-917d-4067-a197-b7f8779aec26,b685924c-4e6a-4ee5-97f4-01cf105640a8,Delivered,6,61,50,35,Bike
c3d7a564-29c2-454e-8bbf-d2fcba614566,8f82de82-291a-4e50-803c-b504738b1aaf,e597f368-6742-4740-9539-ee6ae364fc17,On the way,7,62,49,52,Bike
b99eebdb-3583-4bbf-ac18-1bdc0ba533ab,9a9f2899-3277-484c-ac47-9df96e87660f,8b9c3688-5532-4b57-9dc0-02ce2f015318,Delivered,9,47,77,34,Bike
1a133240-1b7a-4980-b94d-61097ab8225c,1c79e30d-b2f6-4c1b-9cf5-265ee7dcbea1,23f176fd-9014-46ed-8fad-983fd7ae0b97,On the way,8,67,87,94,Car
acdacedb-bf77-4dae-8985-d57b16b35da4,6ca07624-5991-4a72-987e-65318411b42f,c79901f4-e8ad-447a-b955-3a820cf1c8f3,On the way,7,79,51,92,Bike
f79c9eaa-704b-410b-9367-5fccff12b505,f8e79235-e114-45c2-aa04-c8de1deb03e0,8b9c3688-5532-4b57-9dc0-02ce2f015318,Delivered,6,81,82,72,Bike
1566e651-5170-4f35-adaa-3af1381f2350,06a920f2-bb06-4b39-a539-2fabdfcb2693,d19163b5-7356-430a-82d8-26b2163204c1,On the way,6,63,79,35,Car
7bdf5eda-31aa-4258-804a-1dcd95daa603,75358d6c-410e-41e1-8afa-6733b668e6cf,c79901f4-e8ad-447a-b955-3a820cf1c8f3,On the way,9,33,60,66,Bike
093b42bf-1748-4d35-a8f1-699ffee2e365,54d2979c-7969-49cf-bffc-35c505f1090d,deb2bc53-73c9-484a-8e26-5702c4f11d54,Delivered,5,87,45,47,Bike
190a204e-1bd1-476b-a140-68d4a6a521a7,f78d0239-99bb-4ff8-828f-dfecf7a6de87,b94dad94-5d81-471c-866e-0b5f466230fd,Delivered,8,21,82,69,Car
b7f09f2d-aa8a-4a45-9235-846eb5692cbb,0e48147a-3b57-45cd-ba61-30abff28763c,8b9c3688-5532-4b57-9dc0-02ce2f015318,On the way,1,40,76,28,Bike
a4981edf-ef06-4e06-9ab0-52c807718477,4e544355-4d73-4378-acb1-6f2f5e2b62bf,e2894523-249c-4208-8812-8b242fcdc2e8,Delivered,3,11,64,95,Car
5c055416-bcf3-4a33-b235-4631c50ee3be,6f961341-4f9a-4f14-aa53-9eccebee2d75,7b671634-df0d-48be-961f-25649d732e42,On the way,6,83,61,88,Car
23fa46a3-00e5-43dd-a801-4b553ec201ba,bab13dc6-695d-4022-ba81-47b276beceaa,f2643ba6-0c5b-464e-a386-33d88b1fd3b2,On the way,1,47,66,59,Car
8767e3ae-de5c-4424-be5b-489c1b2aea5b,e128116d-15f4-452b-a09b-a1a43a5ae9f3,0a26c2ea-4726-4ba2-baf7-5a2cf346f83c,Delivered,6,34,88,87,Car
78902a23-7004-458f-af9c-26434b971a14,70e427b7-0bb6-4733-97cc-5cd5195b92f8,46ed2c53-e651-4274-b0a6-a6cd3800cd29,Delivered,9,31,84,81,Bike
f1862d78-56a2-4933-a68d-4f5ea1096f1a,0cb95699-f725-42d6-92f7-591d0b496eec,516a70e5-c143-4cdb-ac72-3b4f95f9c1a9,On the way,3,21,33,55,Car
298240fe-3473-4de4-81ef-d8bef758ba67,d9d423e1-1221-49bd-8e13-563a0758fd06,a459dbc6-f1ac-497b-bf59-dd3b407332ee,On the way,4,75,81,95,Bike
f8f7be47-1abb-41d4-a3e1-b1d026da6cbf,b996de8c-80a3-437b-9885-6833112e1314,d19163b5-7356-430a-82d8-26b2163204c1,On the way,5,67,40,75,Car
93f3f8be-c14a-4f36-a48a-884d8996cc38,45a11c32-c8da-4c24-9d00-a209c3e226b3,18dd01e9-c968-4520-9496-2302d8cbdb1f,On the way,3,45,52,67,Car
7397efd4-f5aa-4f2c-a7ba-4c5b30042e6f,0468828a-3e1a-4da2-bdfe-9bc5ca60768c,4019f096-38db-43b4-94bc-900ef9653bab,Delivered,6,42,73,90,Bike
a897a64e-054b-4378-9578-2547ffd19a2b,95bf0b8d-ca90-4695-a5eb-6719037ce03d,18dd01e9-c968-4520-9496-2302d8cbdb1f,Delivered,9,74,54,68,Car
4327ed5f-6882-45e2-8793-95c1d0408444,2040c898-104a-4a8c-987d-11f428a5b7ba,23f176fd-9014-46ed-8fad-983fd7ae0b97,Delivered,1,46,60,49,Car
445c3605-0fc3-4040-b48c-7f964a675221,40ede2ac-b41d-41c0-bd1e-dbc3e603c9d4,516a70e5-c143-4cdb-ac72-3b4f95f9c1a9,Delivered,1,49,35,55,Car
2c2fcaae-9fc1-4cc0-9207-ddd87727ba2f,59542c1e-97a6-45ca-9efb-383eed3385ce,23f176fd-9014-46ed-8fad-983fd7ae0b97,Delivered,1,41,76,26,Car
39334a61-a079-4299-8eb4-3a4d96c42a3f,eb1380bb-0808-48d6-83b7-7ec400ae48d2,9079b569-8e56-458a-bd5a-3800c7bada09,Delivered,8,61,83,65,Car
6aabd824-3a1a-4268-9c77-902ecac6f8a3,5a9e1af8-8c14-462a-96d9-f7a725f3416a,e9ffe4a8-0810-4879-a287-21a9944be64d,On the way,2,82,72,89,Car
fa76ceee-e3f9-4bdf-85e0-a48e7c948f0f,e448d8dc-54f3-4764-a6b5-ff676bd629e7,a459dbc6-f1ac-497b-bf59-dd3b407332ee,Delivered,3,69,47,90,Bike
76340a5c-ab04-4570-9fc9-bd190ac394df,77afd414-f632-4857-ad1a-ecfaad52da5c,91e2e75a-f160-4957-ba27-810f67e73189,On the way,4,58,29,24,Bike
8d33bfcd-aea7-493d-9065-8eb620dd25a4,0c16a144-a778-437f-87e3-5f530ed59609,8b9c3688-5532-4b57-9dc0-02ce2f015318,Delivered,6,62,71,33,Bike
aa9a6f4f-6d61-4799-af17-93d830b17598,fb72866d-3961-4709-a9ff-7f00455bce12,73aafd5c-5777-4661-a48e-9d0bcf5758d3,On the way,6,49,68,82,Bike
c808fd3e-104d-4581-94e8-df108b9f1fa5,c457daea-f265-420b-b884-2a5470940305,8b9c3688-5532-4b57-9dc0-02ce2f015318,Delivered,5,63,65,52,Bike
76aa3b90-352d-4775-9dea-2e6cb6b3b18d,11648c4e-eef7-4cee-958b-26717a5d816a,05249e3d-f5f3-4ddb-a42d-a93b7d516173,On the way,9,11,27,26,Bike
58341ccb-2383-41bc-9a5e-925370cc6864,c513f3c0-6d80-4bb1-b6ab-3359aae929b0,ca180657-ad0f-40ed-a105-35ed58b13504,Delivered,3,74,53,87,Bike
da1e6591-7013-4982-ba51-cde01c572596,1816cf31-fb7f-4e10-a464-d396fb8e95e5,46ed2c53-e651-4274-b0a6-a6cd3800cd29,Delivered,4,68,59,34,Bike
16cd7e84-3f78-4ee8-84ff-82008817a6e6,8c8f5828-1431-4ad7-9ca7-e0c8159df01e,d19163b5-7356-430a-82d8-26b2163204c1,Delivered,2,84,65,88,Car
4fa100a6-0f53-46c1-b046-b4df5e398c67,b8be0ab3-49d2-4443-a992-1853376d2ee9,f5e213cf-1a5e-47bb-b045-eb59196fb60d,On the way,1,30,59,49,Car
9f82ef67-8e71-46d8-97f7-12cff803f772,6e43565d-ed2b-4058-b56c-1564945acf2d,d19163b5-7356-430a-82d8-26b2163204c1,Delivered,7,14,73,64,Car
84f4f3d6-78b0-4018-9e81-c50ad72c8aba,3a41e285-c0aa-47e7-b2b8-55ed2ab59488,0d5c4e9c-8a50-45a9-b87c-1980708622eb,On the way,6,86,43,38,Car
9b3225f8-1a42-417b-8ce3-13c26472da7e,b09bfc75-1f61-481c-ad9f-de62f53d2873,db567c38-1182-4775-b006-280857a2b743,Delivered,6,67,76,68,Bike
696616c3-dcc9-4e21-8c37-94eeeaecd8d9,a0e71ee0-917d-4067-a197-b7f8779aec26,5e413c08-199b-4b87-bffb-a72a45b364b6,Delivered,5,76,73,54,Car
150e36fc-34f2-418e-a193-e9db87567384,b5a6f50e-8fe2-4164-977c-8c40b1633b86,23f176fd-9014-46ed-8fad-983fd7ae0b97,Delivered,1,32,35,94,Car
a8a9af66-f06c-4d47-a8d3-7952597673d2,5af0ead2-44a5-4da9-a138-1be83d92f18b,ee072d59-2e36-4f85-bcac-a0af973e1e31,Delivered,6,81,77,62,Car
1d8fa2b2-6cf1-438c-b105-373afa58b40b,11648c4e-eef7-4cee-958b-26717a5d816a,efd7a91d-a6a8-4303-9395-dd8689d2eb9b,On the way,4,59,66,52,Car
