order_id,customer_id,restaurant_id,order_date,delivery_time,status,total_amount,payment_mode,discount_applied,feedback_rating
cc2eed7a-95fc-46e2-baf0-953f3c4fca78,2fe0b910-c8ad-4cc8-985c-c924838bee07,b709de1e-9519-4f95-ae25-0ad852306501,2024-12-28 02:50:19,2024-12-28 04:17:19,Cancelled,116.41,Credit Card,16,2.7
3c555dd2-a0fe-41c8-98a6-826581bf2b2f,177f7261-45aa-4d9c-9342-bdfb4abd9277,d325ba7c-e27e-4356-b586-e6bcc0a84f47,2024-12-15 17:31:42,2024-12-15 20:01:42,Pending,5400.34,Credit Card,0,1.5
edeeb626-51bb-4ba0-9b93-285aade6677b,77ac7718-255d-4da3-bb11-5eed45100a51,de3955b7-df2b-48fb-a17d-83c213d7e786,2024-12-25 12:00:05,2024-12-25 13:57:05,Pending,9022.98,Cash,7,1.1
33116722-720d-4f4a-af55-405d49fbc06b,2889cb8b-39bb-4c5b-a7ed-eee96959425e,39bafaa0-5dac-4c5e-8def-78cff2a64e1a,2024-12-18 03:11:54,2024-12-18 03:24:54,Delivered,1363.48,UPI,4,4.1
6c79dd4e-f31a-4e2c-80cb-58b8d4237a97,2ffde132-59bc-4ba0-97a0-eb58d0a60c2d,6624a9cf-19ca-416d-a842-68f2d851d615,2024-12-27 03:51:06,2024-12-27 06:50:06,Cancelled,683.42,Credit Card,20,3.3
c7c0aa7c-710b-461e-8f81-1dda872fed89,7cf0c107-d25f-4f85-bf65-650bea239bb5,0c402681-52a6-4b12-813d-12920041fac6,2024-12-21 07:18:24,2024-12-21 09:55:24,Pending,3210.95,Cash,6,3.5
12a72ae5-ca9d-4210-aedb-05f50b3f6527,7301625d-47af-467c-b726-024551c609c5,313b3515-09e5-4b9b-8f78-f22ca2b248a4,2024-12-19 06:01:24,2024-12-19 06:39:24,Delivered,4240.0,Credit Card,26,3.4
b09bfc75-1f61-481c-ad9f-de62f53d2873,53cb1e1c-cad2-48e7-97b6-21c01532b174,d7beff33-c81e-41e1-8fdb-48038f95f49d,2024-12-15 21:54:42,2024-12-15 23:17:42,Delivered,763.34,UPI,26,3.3
9b5b46ac-c31e-4a6c-a890-bb4246b52211,7bbff502-cc73-4a72-a786-52cfa0fb3616,6624a9cf-19ca-416d-a842-68f2d851d615,2024-12-26 17:21:30,2024-12-26 18:49:30,Delivered,4994.29,UPI,11,2.8
95b6f4d7-2e4d-4ded-852b-0276d4d09876,d819f7ce-990a-4d92-bb6f-a099dd4703d5,313b3515-09e5-4b9b-8f78-f22ca2b248a4,2024-12-15 05:16:02,2024-12-15 05:59:02,Cancelled,3477.29,Cash,8,4.1
7200f558-394a-49c6-bc86-64b2cf431c5a,595f5d16-664d-400b-bfab-83bda77bc28f,b6cd37ba-309d-4576-86e1-239d45829226,2024-12-17 09:03:17,2024-12-17 10:28:17,Pending,8896.15,Credit Card,17,3.3
e2054950-d614-4b23-b916-4ea2a904b032,2bea7fad-8639-4b0b-875f-6db8926e4293,2689b703-2981-4d99-b436-6c1a0505f102,2024-12-17 03:42:57,2024-12-17 05:45:57,Pending,8176.07,UPI,13,2.4
ab230733-7957-4a47-bf74-30853c9e93ad,4c55bbb0-8bdb-4a6c-bc6a-2f6a93c52fdf,aa4e4308-b182-4e60-bbc1-a60d79c3c03a,2024-12-13 22:50:13,2024-12-14 01:05:13,Delivered,9896.32,UPI,21,2.2
a9ddbb7f-cd1a-49ed-876f-e22c2a934031,e6b39c58-cf65-4362-8ed1-bbe6f0e8ff8c,9d52dcaa-9172-49aa-b716-94446c619584,2024-12-25 00:13:05,2024-12-25 01:22:05,Delivered,3178.45,Cash,9,4.1
05dfbdfe-83e3-4ced-98bf-cd14134d2fd8,cd719ecf-33e2-462e-84a0-6b2175fe69b1,85d98653-f529-4f0b-972c-b0907dc74c45,2024-12-23 08:44:44,2024-12-23 09:35:44,Delivered,7718.41,Credit Card,3,4.7
601d238c-36dc-4812-ac7f-dbd1e662b793,58c74a5b-d9e7-4a6c-be86-d49f47caf522,639d0c2a-48bc-4386-929e-6f64a17fb68e,2024-12-25 08:34:12,2024-12-25 09:00:12,Cancelled,768.27,Credit Card,12,4.6
073b5f38-64ea-433b-92d0-4618b87b9fcd,bdd1a29c-bbbc-4e5f-a972-b064aeb64f4a,701d767a-2f14-4de7-804e-6f5eee670bad,2024-12-14 09:34:37,2024-12-14 10:12:37,Pending,6349.23,Credit Card,20,2.8
bb5645b5-00a2-4e6c-8ac5-7a645e370f25,c25e9335-c78b-47cb-9640-14f6f0e76bd7,461c7d20-68b8-446a-b12d-3ae480f0d74f,2024-12-16 22:20:16,2024-12-17 00:08:16,Cancelled,8539.33,Credit Card,3,4.6
9fb57b28-188b-48b2-b7cf-39646389a1c7,6016875d-dcdd-4551-8102-c41b5c1fa393,ba03317d-02b9-4c38-ae4b-c589320d2632,2024-12-17 16:35:21,2024-12-17 17:28:21,Delivered,2012.22,UPI,12,4.4
e351424f-be10-44f4-bdcc-03b9065c90c1,db15eea1-6051-4574-8854-fad57f102056,9449f0a1-5dae-43f1-bda9-ebdb93d9ca08,2024-12-28 15:51:54,2024-12-28 18:05:54,Delivered,402.63,Cash,13,4.3
c3ea4693-8489-43e3-8828-a1f80aa1bb96,ee4c811c-a06a-4d41-ad68-48c09aeb067d,ef595b0f-5503-4bc7-b11f-40776eec28e4,2024-12-16 06:03:29,2024-12-16 08:08:29,Cancelled,7924.72,Cash,29,4.1
15a9aca8-9561-48b6-b4de-41569d3c9ae8,f124f50f-4541-4d2d-b739-f596dcc11d7e,b56995d4-f40e-4ede-80ab-7ce5334ebb00,2024-12-25 14:08:48,2024-12-25 15:40:48,Delivered,9974.54,Credit Card,2,3.9
22e176ec-5068-4bb9-8cae-26a66c47a699,5b7ba70f-7ea0-4d84-9d7c-a7b3418a5f78,0a8bc6e6-ceca-4256-81f5-c75a8c84faca,2024-12-23 20:40:06,2024-12-23 21:33:06,Delivered,8630.2,UPI,1,1.5
eb655e55-067a-4f03-8e0a-3450ab8fae3a,6cc18b6e-c4e6-451f-894c-5fb56d88d906,cf1983cc-d088-42e6-844d-991ccda79bd8,2024-12-16 05:45:05,2024-12-16 07:33:05,Pending,4006.34,Cash,11,2.0
81cd6378-b70d-48c4-9c4e-0980147c36f3,670bdc3d-f5de-449d-8e2a-1a183cbfa815,aa4e4308-b182-4e60-bbc1-a60d79c3c03a,2024-12-29 23:28:26,2024-12-30 01:28:26,Pending,9270.52,UPI,23,4.3
2b01fc6c-57f1-49b3-8004-460eaa29edf0,786cc185-fb93-404f-8d92-e91d3e18ed3f,b6cd37ba-309d-4576-86e1-239d45829226,2024-12-30 07:39:03,2024-12-30 10:08:03,Delivered,7986.66,UPI,1,3.0
1cd056f1-f17e-458c-abc1-0f998844b7e7,f124f50f-4541-4d2d-b739-f596dcc11d7e,6bdadff3-cf89-47c4-8528-a1399fff0652,2024-12-29 11:54:54,2024-12-29 12:26:54,Cancelled,2476.22,Cash,11,2.8
2b26b1b9-1fdb-4df4-bdd5-849235a7c229,e9f89df4-27fd-4c74-b6e9-5b68bc59cc5f,8e0fdcc8-8d61-4cc9-a5e6-02f680897ccb,2024-12-22 03:36:21,2024-12-22 05:01:21,Pending,6262.96,Credit Card,8,2.7
1d9386f8-32e0-4f29-af24-a6ede9a8e97b,76995099-50ce-429c-899d-270803e81345,4ed04a42-fe2c-4815-ae37-9ffd93d1dece,2024-12-29 05:28:47,2024-12-29 05:59:47,Cancelled,9415.95,Cash,17,3.8
8f921be3-e83d-4ca4-85d6-5ee007b6ae27,fba2e5ce-07a7-47c0-b1f5-b4594e03cdab,658428ef-e8d3-4eeb-9289-2b8227da7916,2024-12-31 11:49:52,2024-12-31 12:17:52,Delivered,9387.29,UPI,19,3.9
6fa5d5c6-9154-4aec-ba83-2be2ea291978,4f26d6f3-0ee4-4543-b806-9f3b17c43734,95e66353-d9cf-4ffb-ac2c-2c9b4ab15990,2024-12-29 16:03:12,2024-12-29 18:15:12,Delivered,8261.02,Cash,0,4.7
1a4cb9e0-3725-4842-87ef-c08afdb9bf02,c25e9335-c78b-47cb-9640-14f6f0e76bd7,c170a64d-5f29-4650-b884-53e0830676e8,2024-12-16 16:24:51,2024-12-16 18:23:51,Cancelled,9985.34,Cash,13,2.9
ee120e90-e449-45d6-86d6-fd22809d666a,9411fe38-6946-4c2f-82ec-53ed28a154df,4865100e-73e7-453a-b2d8-78fc4e0c0d53,2024-12-28 17:54:23,2024-12-28 18:33:23,Cancelled,422.23,Cash,21,2.2
41e3e17d-9c0d-488e-bf00-befc10be6abc,cd75ead5-81c1-47fb-83f3-3e8c4f502708,9449f0a1-5dae-43f1-bda9-ebdb93d9ca08,2024-12-26 09:05:47,2024-12-26 10:53:47,Delivered,6271.14,Credit Card,21,1.4
990cd8b5-559a-4f06-b2eb-ae1bc56c665d,c24d9e92-bd04-465d-b3ca-ce6fb0e39a91,1b7ac74b-67b8-4e66-be66-1bcc4e6f09ab,2024-12-15 21:21:02,2024-12-15 22:58:02,Delivered,1210.92,UPI,17,5.0
e4bb8c51-ecdc-4d6d-860d-0c2b290c7155,4026e10d-bb38-4051-9c96-1085ff93372d,7a96ba93-0cf6-47bd-afa0-5cf4e4c9ac7a,2024-12-29 18:40:19,2024-12-29 19:08:19,Delivered,9468.29,UPI,12,1.8
c9b685d9-9a40-4fe2-abce-4c77abe61591,b83ab326-f187-4d8a-9ff0-d9ec95d6d3e8,f54f6da3-78f1-4f2d-abd5-f3ae7510f743,2024-12-24 03:09:16,2024-12-24 04:30:16,Pending,9172.03,Cash,7,1.4
21a1504e-4d90-49e5-a149-77ddc820d948,12d1929f-e61e-4a26-8ae4-bd022666f189,a71f8399-58f6-4489-bd9a-e4ab0648fd0b,2024-12-23 09:51:12,2024-12-23 11:23:12,Delivered,7785.03,Credit Card,2,2.0
27bf3942-b852-4473-8a0f-736f975b61bf,38486351-28d5-45cc-ba72-aae429a7e8e4,5c4fb810-f481-41a1-b1a5-b7b1b21fbf77,2024-12-29 01:24:21,2024-12-29 02:26:21,Cancelled,3063.08,UPI,24,3.4
5724b366-434b-4f27-8904-9e960effd296,85e99877-bd05-4cac-998b-3889661ebed4,faa0ff8b-a8eb-4134-a9cb-51527ad2de1c,2024-12-18 17:03:03,2024-12-18 19:47:03,Pending,7578.25,Credit Card,28,3.2
42c33bc1-0ddf-4f5a-8a01-32d868f7fa55,c86e1e40-27db-40a0-993f-4ff7aa91d4c3,ee767a81-b20a-4dbd-8ec5-dafb442fbfb0,2024-12-27 10:26:26,2024-12-27 12:46:26,Pending,9435.05,Credit Card,15,2.1
8f82de82-291a-4e50-803c-b504738b1aaf,4f26d6f3-0ee4-4543-b806-9f3b17c43734,51eac267-e971-46e1-9c38-849c0fbb2a44,2024-12-25 19:26:34,2024-12-25 19:49:34,Pending,1156.31,Cash,2,1.1
393dc82a-61f1-4ff5-8164-1fdbaf65dd03,39ef97f7-af55-4abe-a0b9-c9f74a2833a7,b6cd37ba-309d-4576-86e1-239d45829226,2024-12-20 19:02:41,2024-12-20 21:12:41,Delivered,569.93,UPI,10,1.9
b905af05-fa93-4efd-9197-c75d14376f28,64302ca9-efb9-44ae-8e6a-704ddd9d0086,5c19b8e1-ac9d-402e-9410-75ebe5d4158b,2024-12-24 23:12:01,2024-12-25 00:07:01,Delivered,7264.9,Credit Card,16,1.7
7a5e9313-d111-4252-ad84-a090c8b1d802,39ef97f7-af55-4abe-a0b9-c9f74a2833a7,faa0ff8b-a8eb-4134-a9cb-51527ad2de1c,2024-12-30 12:22:54,2024-12-30 12:45:54,Cancelled,9880.63,Credit Card,24,3.6
48358c3a-c890-4e03-96d7-f42bded43046,de914553-e45c-403f-96c1-8e5b472c88bc,347b981d-52a5-4595-a45e-2c81e2ead96d,2024-12-28 03:07:53,2024-12-28 03:22:53,Pending,713.19,Credit Card,7,1.2
a816eb49-5597-4910-b934-6544db170049,9451012d-0281-46a4-bd06-e4f470418b9c,39bafaa0-5dac-4c5e-8def-78cff2a64e1a,2024-12-27 16:13:22,2024-12-27 16:31:22,Delivered,7389.55,Credit Card,21,2.4
d307b990-7f90-484b-a8f9-6b33a780e661,4e75d0f6-fc8f-4611-8eb2-ad2a5ace3499,68690841-7ca2-4676-b7aa-3d5cb2e4d03b,2024-12-22 17:33:48,2024-12-22 20:14:48,Cancelled,1805.15,UPI,9,3.6
bf7dbb13-dc55-474a-ba0e-f7ed8a511e1d,7d22c71c-0121-47b4-8f33-36f8ad8ad088,02036516-1502-4b0d-8199-39e34e683999,2024-12-15 08:10:32,2024-12-15 08:38:32,Pending,7250.57,UPI,2,3.2
a3038752-cca1-4cf7-8973-df821998df36,daf72c85-66d9-492e-9080-02eb4a786b2b,8e0fdcc8-8d61-4cc9-a5e6-02f680897ccb,2024-12-16 11:02:25,2024-12-16 12:35:25,Cancelled,5416.92,Credit Card,5,4.4
2e71d343-0c83-48d6-bd26-bbbb6fb01ef5,ff044cee-9d3c-4e14-bd69-13c65e428450,d96d3651-5c18-414d-8d5f-60da69e197fe,2024-12-22 02:22:22,2024-12-22 04:33:22,Pending,5600.58,UPI,25,1.1
d366cab5-5b3c-44bd-9d38-970481efa284,3504fe63-cffc-4f44-86bd-f62d5fed975a,3e56851a-6112-4d0f-bbfc-a498aadf5752,2024-12-24 11:58:15,2024-12-24 14:13:15,Delivered,4506.32,UPI,14,4.8
9ebbfc9b-2cb3-4e8f-ad31-4b0c1465ca9f,7a74251c-7572-46a1-aac2-b55cbd162157,133e4fa6-cfc6-4f35-9fc1-ebb1a709f6de,2024-12-20 09:40:21,2024-12-20 11:39:21,Cancelled,4667.27,Credit Card,4,2.5
92b974c4-6dff-468d-824f-0d26c209c6cc,39ef97f7-af55-4abe-a0b9-c9f74a2833a7,7a96ba93-0cf6-47bd-afa0-5cf4e4c9ac7a,2024-12-25 12:22:35,2024-12-25 13:43:35,Pending,5552.87,UPI,26,5.0
c95771d3-b6ee-42d5-b0b1-382b87af5820,5cf9413f-7c2c-46cb-8b06-34cf7fda5354,faa0ff8b-a8eb-4134-a9cb-51527ad2de1c,2024-12-23 03:20:38,2024-12-23 04:22:38,Cancelled,3069.32,UPI,18,1.4
0d910bc5-346d-4eb8-b67a-e352feb585be,9b459b5f-d080-4064-b8cb-68e7bd4d1de2,c6a41a8e-715b-4c83-a2b6-23b9eb62d69f,2024-12-19 12:01:14,2024-12-19 13:11:14,Pending,1021.85,Credit Card,14,3.1
4310584d-7376-4a1a-8789-e79fb9c4d117,afff7ea5-8312-48b3-9913-e9fe5175e43f,c6a41a8e-715b-4c83-a2b6-23b9eb62d69f,2024-12-28 20:37:57,2024-12-28 22:20:57,Delivered,5136.31,Credit Card,6,1.4
b8be0ab3-49d2-4443-a992-1853376d2ee9,6c059432-6e34-46c6-9de9-c6ce21ece4bc,9ec3dcaf-14de-4b3d-9bc1-99300db3fb88,2024-12-22 23:25:02,2024-12-23 01:12:02,Pending,7483.87,UPI,12,3.9
5c69c1b0-68ac-4457-8a8c-cf792d88fdc0,1cc9bc7d-ea1c-43d8-adbe-615b04b3d862,5c19b8e1-ac9d-402e-9410-75ebe5d4158b,2024-12-22 17:01:51,2024-12-22 19:07:51,Cancelled,303.94,Cash,12,4.8
97974637-e531-4b2a-8478-0a810a3da8ee,67ebe1bb-a2f1-43c8-8a6a-c33a3c45557b,9449f0a1-5dae-43f1-bda9-ebdb93d9ca08,2024-12-23 07:05:21,2024-12-23 08:45:21,Pending,9158.54,Credit Card,1,3.9
b3919930-86cd-4d16-b64f-703a98892326,893aba8f-de5d-4f07-b691-68c0b9ef7a86,f54f6da3-78f1-4f2d-abd5-f3ae7510f743,2024-12-22 16:33:05,2024-12-22 17:18:05,Delivered,3490.68,Credit Card,22,2.6
a847ba65-4c39-4663-aa7e-f910ab873ef1,ff92a013-8a5f-41cf-b7a0-434c93e7aa75,9449f0a1-5dae-43f1-bda9-ebdb93d9ca08,2024-12-28 16:51:44,2024-12-28 18:04:44,Delivered,7728.63,Cash,1,3.1
c161f423-75a7-4855-8740-8919f77f059a,2f7fdf1a-a73b-41d1-8c90-b38dcf7a2e68,17b5864d-dd20-4c37-84b6-625f58340f34,2024-12-31 05:54:45,2024-12-31 06:38:45,Pending,3445.02,Credit Card,25,3.9
0162f877-5a38-4df7-b4bf-45c07a6ce5ad,8a47c2bb-11bd-4e01-9129-2aa6610b8a4f,d325ba7c-e27e-4356-b586-e6bcc0a84f47,2024-12-16 04:45:09,2024-12-16 06:26:09,Delivered,3892.44,Credit Card,8,4.0
34fa2d46-210e-4030-952d-eb8fe925764a,93be80a3-5da7-4bd0-8729-2bd90945da74,2b2c5e35-a92b-4b44-b596-7b938365b64b,2024-12-20 06:14:20,2024-12-20 08:31:20,Cancelled,8606.18,UPI,10,1.2
9edfe55d-6625-4468-85f9-1be04fda89bc,f7ded53f-0bb3-46a2-90cf-a45b0d2de4df,4865100e-73e7-453a-b2d8-78fc4e0c0d53,2024-12-18 18:26:12,2024-12-18 21:03:12,Pending,2551.87,Cash,12,2.7
4068f0a6-9700-43d4-a472-5018b621d23e,eb1c66ce-b908-4ff5-9704-64a56b38ec34,f14d23bb-aa90-4d82-99d2-216f7459a48e,2024-12-14 09:31:44,2024-12-14 09:58:44,Cancelled,6525.47,UPI,7,2.7
45a11c32-c8da-4c24-9d00-a209c3e226b3,9a1548cc-926f-48b5-acfd-564771bab2a6,cf1983cc-d088-42e6-844d-991ccda79bd8,2024-12-14 16:13:24,2024-12-14 18:02:24,Cancelled,3819.94,UPI,27,4.8
738defe4-ea47-4303-8eed-2af803314085,4f26d6f3-0ee4-4543-b806-9f3b17c43734,a6f68d7e-7d0b-40d3-9663-4c52ce28e7a3,2024-12-14 03:52:07,2024-12-14 04:04:07,Pending,1979.65,UPI,20,3.9
d8c58cd7-dd45-440c-969a-e24eb6db8d4c,7a74251c-7572-46a1-aac2-b55cbd162157,85d98653-f529-4f0b-972c-b0907dc74c45,2024-12-17 06:19:33,2024-12-17 07:45:33,Cancelled,8143.87,Credit Card,5,3.3
419e9884-ef25-4ab5-99c0-ff363b06d400,3504fe63-cffc-4f44-86bd-f62d5fed975a,4ed04a42-fe2c-4815-ae37-9ffd93d1dece,2024-12-17 09:23:53,2024-12-17 09:46:53,Pending,8827.51,Cash,12,4.0
2098ee8d-bb7d-4669-9443-82b4e653c6db,03794344-25d7-479c-b499-19d76a82348e,438ad436-417f-42eb-868d-57ffb775a131,2024-12-27 14:42:33,2024-12-27 17:07:33,Pending,839.93,UPI,10,1.9
11648c4e-eef7-4cee-958b-26717a5d816a,39ef97f7-af55-4abe-a0b9-c9f74a2833a7,1b7ac74b-67b8-4e66-be66-1bcc4e6f09ab,2024-12-22 06:42:16,2024-12-22 07:24:16,Delivered,8505.42,UPI,13,4.3
a91750a0-2662-4f2d-b24a-4052c6ef2839,b467db19-0994-499a-bb67-b12dc032b100,658428ef-e8d3-4eeb-9289-2b8227da7916,2024-12-24 20:38:08,2024-12-24 22:12:08,Delivered,1237.99,Credit Card,2,2.2
44902e11-7ea0-4a67-883f-812a8aa64986,744eefd8-24d5-408e-821c-2e2e7916b654,b56995d4-f40e-4ede-80ab-7ce5334ebb00,2024-12-16 23:19:58,2024-12-17 01:22:58,Cancelled,3410.42,Cash,18,4.0
af5ee17a-3d01-463f-91e4-a334ea1efcfe,8a636c9a-ee84-4185-bb2c-7e985de2f26d,3ddddfec-1c7b-4fa8-8f71-4b490c9d7694,2024-12-25 12:09:57,2024-12-25 14:59:57,Pending,9487.67,Credit Card,14,4.9
110cbb09-639b-4b5c-9c8c-719a10342a0a,ff92a013-8a5f-41cf-b7a0-434c93e7aa75,1b7ac74b-67b8-4e66-be66-1bcc4e6f09ab,2024-12-26 18:53:08,2024-12-26 19:48:08,Delivered,3304.0,Cash,22,3.5
6d7ae117-ab4d-4a25-8a54-3138467d3ce4,7092e6e8-16a1-43ea-b7e7-7454aa19c8fb,dce1bbc6-125c-4e90-b431-94cd5dcd8aa0,2024-12-26 15:47:47,2024-12-26 17:52:47,Pending,8504.36,UPI,28,2.5
76b55662-a185-46d4-8533-712f13a4820a,5e46a838-a970-4f93-8a90-14958da92916,6624a9cf-19ca-416d-a842-68f2d851d615,2024-12-22 18:49:40,2024-12-22 21:09:40,Pending,2152.49,Cash,23,2.7
746a56a4-0864-48f5-8665-9dec53d7fa90,cba05b94-5d71-44dd-8662-595b3a9edf94,f14d23bb-aa90-4d82-99d2-216f7459a48e,2024-12-25 18:21:27,2024-12-25 20:09:27,Cancelled,7352.27,Cash,0,2.6
00edb0c1-3386-4bc8-a29c-31bfa661cd74,2500bdf8-eb21-4d54-8ee7-039f9f9736ab,38351e52-5503-4a75-93f4-9680bcfc9924,2024-12-22 20:41:24,2024-12-22 23:06:24,Delivered,7517.89,UPI,5,4.7
3796f8a1-36d3-462c-8c1f-ace207635826,6321ef14-a1f3-4b9a-9b03-a1f05d9b2b74,3e56851a-6112-4d0f-bbfc-a498aadf5752,2024-12-13 17:23:23,2024-12-13 19:32:23,Delivered,4818.82,UPI,15,2.2
60fc8891-a30b-41cb-8fa8-69f22e2c44b8,134fd349-51ca-4772-956f-2a9d50685e0a,effbebd3-5275-4ce4-a382-6de7673cc06b,2024-12-21 23:33:42,2024-12-22 00:06:42,Cancelled,9547.97,Credit Card,13,4.7
5cacdbf4-3329-4442-ac08-8c064555fd72,84369965-de4b-47d1-8d14-3a44c164622e,461c7d20-68b8-446a-b12d-3ae480f0d74f,2024-12-31 23:40:43,2025-01-01 02:35:43,Delivered,7691.16,Cash,1,1.5
d77fe8d1-2a06-4b53-841c-07b9d15975e7,e9f89df4-27fd-4c74-b6e9-5b68bc59cc5f,38351e52-5503-4a75-93f4-9680bcfc9924,2024-12-27 13:29:42,2024-12-27 15:39:42,Cancelled,6937.71,Credit Card,15,3.0
57b74efa-06f4-4af0-9f4c-ef8b4d786494,eb1c66ce-b908-4ff5-9704-64a56b38ec34,0a8bc6e6-ceca-4256-81f5-c75a8c84faca,2024-12-17 05:32:23,2024-12-17 06:22:23,Cancelled,5225.76,Cash,0,1.0
a307371a-f817-41b4-b26f-cdd69bd9128f,893aba8f-de5d-4f07-b691-68c0b9ef7a86,686055bc-4b07-4c5d-850c-6f1958b0c526,2024-12-16 02:58:37,2024-12-16 03:46:37,Cancelled,963.17,Credit Card,5,1.8
6ca07624-5991-4a72-987e-65318411b42f,2a3af6e1-0b03-44c1-9bb5-a585418b5907,7f2c96e1-b390-42ff-892c-f7c1356853b9,2024-12-24 16:57:30,2024-12-24 17:46:30,Delivered,7606.81,Cash,29,1.1
5872bce0-95cc-4884-803c-9d0547db09a8,20e2913a-6506-4359-b124-1b9638a66f48,0a8bc6e6-ceca-4256-81f5-c75a8c84faca,2024-12-15 20:31:01,2024-12-15 22:30:01,Cancelled,1028.64,Cash,27,1.2
0e5c4506-2a86-4e90-9687-5b31db39c1e7,1cd70931-5311-4582-ad32-72bd4598a12d,7f2c96e1-b390-42ff-892c-f7c1356853b9,2024-12-22 01:15:11,2024-12-22 02:52:11,Pending,7286.54,UPI,23,1.6
96b28c4d-93a6-4386-9949-0b6efa525b7c,447f02fa-3235-43fc-bb4d-41d585859b1c,ce769bab-269f-4f20-b653-b51eead5caed,2024-12-13 20:13:27,2024-12-13 23:04:27,Pending,2517.74,Credit Card,6,1.0
3b0cf307-c7ac-4243-b68b-787d88e27e39,8489da1a-c743-4f9c-9c2c-94ab58454446,c0ed033f-ab46-40c1-87dd-28cc3456293b,2024-12-27 10:05:25,2024-12-27 10:59:25,Cancelled,9304.2,UPI,22,4.8
5efd508f-3247-4476-9300-9460152d4ea8,7829e59a-6fa5-42bb-8b43-804eef9266d7,639d0c2a-48bc-4386-929e-6f64a17fb68e,2024-12-17 03:10:24,2024-12-17 03:33:24,Delivered,7039.91,UPI,19,2.3
59542c1e-97a6-45ca-9efb-383eed3385ce,b5537093-835c-4d58-975e-7ff8404ace76,f14d23bb-aa90-4d82-99d2-216f7459a48e,2024-12-26 16:12:19,2024-12-26 17:18:19,Cancelled,7349.59,UPI,18,1.4
4c0f1497-104c-481b-a2dd-c056205ac7db,9a1548cc-926f-48b5-acfd-564771bab2a6,b56995d4-f40e-4ede-80ab-7ce5334ebb00,2024-12-23 13:12:38,2024-12-23 14:00:38,Pending,4160.25,Credit Card,12,2.2
ab5055f8-3be1-4407-8520-3de455be4966,0064cfad-9368-4e3a-b6b4-7acd15226429,f96c1fbd-76e2-4bcb-808b-4046faf816b8,2024-12-30 15:34:43,2024-12-30 17:50:43,Pending,6044.97,Credit Card,19,4.8
289097a2-a40c-455e-88fb-25d6047080ff,3397939e-f15a-4a15-afe3-0d402791b711,ce769bab-269f-4f20-b653-b51eead5caed,2024-12-17 06:14:49,2024-12-17 07:18:49,Cancelled,7812.32,Credit Card,1,4.0
41628414-06af-49d4-bc13-8c49891b0d65,dec6421f-03fa-4b18-82c8-014bbdaff295,47508b83-3cab-48c5-bf4a-3f932de55738,2024-12-23 19:30:18,2024-12-23 22:16:18,Delivered,3386.11,Cash,3,1.3
ff242d4a-e506-43f2-953b-70f2be80d9d9,670bdc3d-f5de-449d-8e2a-1a183cbfa815,4ed04a42-fe2c-4815-ae37-9ffd93d1dece,2024-12-23 03:14:16,2024-12-23 05:25:16,Cancelled,2079.34,Cash,21,3.9
7b9baac3-329c-40d0-ad5b-d1ab926197a3,c1416494-071a-484c-a297-96dd93352a22,2b2c5e35-a92b-4b44-b596-7b938365b64b,2024-12-21 18:17:42,2024-12-21 19:11:42,Delivered,9839.93,Credit Card,28,3.6
62ab0ec2-7df8-44ea-99ea-6d80463c5256,5e46a838-a970-4f93-8a90-14958da92916,a71f8399-58f6-4489-bd9a-e4ab0648fd0b,2024-12-17 17:45:25,2024-12-17 20:37:25,Delivered,1457.69,Credit Card,13,2.1
99869dd6-84b6-4976-9f8c-d5a2a02b6c91,c25e9335-c78b-47cb-9640-14f6f0e76bd7,cf1983cc-d088-42e6-844d-991ccda79bd8,2024-12-15 21:45:41,2024-12-15 22:08:41,Pending,918.97,Credit Card,1,2.9
75358d6c-410e-41e1-8afa-6733b668e6cf,9b459b5f-d080-4064-b8cb-68e7bd4d1de2,ef595b0f-5503-4bc7-b11f-40776eec28e4,2024-12-19 11:15:50,2024-12-19 13:10:50,Delivered,8996.19,Credit Card,4,4.7
08eb8922-2b38-4c97-92eb-632c61d3b791,fba2e5ce-07a7-47c0-b1f5-b4594e03cdab,cf1983cc-d088-42e6-844d-991ccda79bd8,2024-12-26 09:27:17,2024-12-26 11:21:17,Delivered,9240.39,UPI,28,3.9
4e544355-4d73-4378-acb1-6f2f5e2b62bf,0d1c5ce1-9b0e-493d-b63a-181cd6589360,2689b703-2981-4d99-b436-6c1a0505f102,2024-12-30 17:12:41,2024-12-30 19:47:41,Pending,9735.28,Cash,18,4.9
b7848bca-640a-4f81-96b4-9900031103b0,9193a3ab-ac09-4c40-acb6-846f3886da44,658428ef-e8d3-4eeb-9289-2b8227da7916,2024-12-28 03:14:42,2024-12-28 03:53:42,Pending,6014.15,UPI,28,2.5
75cd4cce-2c16-477d-9189-b0cdf7ef8c80,42df6ec9-ba71-4d56-af85-f25528eecfd8,6624a9cf-19ca-416d-a842-68f2d851d615,2024-12-20 09:22:47,2024-12-20 10:15:47,Delivered,6010.68,UPI,16,1.7
0e48147a-3b57-45cd-ba61-30abff28763c,ef4b06f1-3ffb-4067-a1b6-03875f415a7b,9ec3dcaf-14de-4b3d-9bc1-99300db3fb88,2024-12-19 10:42:38,2024-12-19 11:37:38,Delivered,1247.83,Cash,18,3.8
c457daea-f265-420b-b884-2a5470940305,84369965-de4b-47d1-8d14-3a44c164622e,39bafaa0-5dac-4c5e-8def-78cff2a64e1a,2024-12-13 18:54:44,2024-12-13 20:52:44,Pending,7478.38,UPI,24,3.7
7d6efafc-0901-4c6d-8cc9-a3008ca5e204,d819f7ce-990a-4d92-bb6f-a099dd4703d5,ce769bab-269f-4f20-b653-b51eead5caed,2024-12-23 13:51:34,2024-12-23 16:35:34,Delivered,7392.56,UPI,19,1.6
eeb3577f-27a8-4ee7-aef5-a57fb0cc5a44,e7d52735-df91-4313-83c4-778339c94cc8,f4ca6309-d385-4924-88d5-de58d1c1e35b,2024-12-20 05:18:01,2024-12-20 07:47:01,Pending,1187.97,Cash,17,3.1
0d4ae0f2-5ea7-42f2-9bd8-fd737d9154a6,13e667a9-c64f-4b16-8de0-3f347fd09552,347b981d-52a5-4595-a45e-2c81e2ead96d,2024-12-30 02:08:23,2024-12-30 03:48:23,Cancelled,9071.47,Credit Card,3,1.5
1a0926f2-ca8f-4287-ac03-a13596b44570,c40f384e-b86a-44cb-9d9e-ccfd8da5f4d6,65c6098e-0110-4346-922d-755452553aa9,2024-12-21 09:06:43,2024-12-21 11:23:43,Cancelled,7247.26,Credit Card,11,4.0
818bb8b6-b375-41cf-982b-9e562c4e9783,7cddb694-08ad-464c-ad65-7870c5692e72,d325ba7c-e27e-4356-b586-e6bcc0a84f47,2024-12-18 03:58:21,2024-12-18 05:47:21,Pending,2862.62,Cash,26,3.2
b8ec2978-21c9-4583-86b5-3833b5a75835,c24d9e92-bd04-465d-b3ca-ce6fb0e39a91,fb63fb98-9695-4ac2-90b6-e08229ebb4b0,2024-12-26 16:54:56,2024-12-26 18:34:56,Pending,4704.94,UPI,8,1.3
1763b488-c2c5-497d-96a5-acf9bf0bb9ef,3b1da34d-e4bb-4e36-b506-8490cb9842c8,b56995d4-f40e-4ede-80ab-7ce5334ebb00,2024-12-17 04:37:30,2024-12-17 05:26:30,Delivered,3691.12,Credit Card,5,3.2
7a2972c7-2acc-4ebb-9c0d-b127bc69de40,4e75d0f6-fc8f-4611-8eb2-ad2a5ace3499,faa0ff8b-a8eb-4134-a9cb-51527ad2de1c,2024-12-21 09:58:53,2024-12-21 12:52:53,Cancelled,6751.67,Credit Card,10,2.8
d4929263-5189-4c26-9d1e-d32cbed4e925,13c59c3a-19dc-4ac1-bb41-0436a9ea7da5,f14d23bb-aa90-4d82-99d2-216f7459a48e,2024-12-31 08:38:14,2024-12-31 11:22:14,Cancelled,5943.02,Credit Card,8,2.8
24d350d9-bd95-4ab8-81ba-dc08021d0801,e55a1fea-d86b-48a8-b47a-51f6e8433a15,c3835887-aa17-4e88-9c79-3fe5253f6b1a,2024-12-14 08:44:54,2024-12-14 09:33:54,Cancelled,3289.93,UPI,1,1.1
139932dc-7253-45c6-9e4b-24b26025f938,eb1c66ce-b908-4ff5-9704-64a56b38ec34,ee767a81-b20a-4dbd-8ec5-dafb442fbfb0,2024-12-28 19:38:51,2024-12-28 21:19:51,Cancelled,9183.35,Credit Card,2,1.6
b467fa6a-cb9d-45de-b342-5bf56d21a0cc,f05d300d-2935-4899-8de5-d4df5ba33599,1b7ac74b-67b8-4e66-be66-1bcc4e6f09ab,2024-12-21 00:26:23,2024-12-21 03:05:23,Pending,5421.86,Credit Card,17,4.3
a0e71ee0-917d-4067-a197-b7f8779aec26,a209e240-6288-405f-a40e-0b2944eacc6a,b56995d4-f40e-4ede-80ab-7ce5334ebb00,2024-12-25 17:08:19,2024-12-25 18:42:19,Cancelled,1122.33,Cash,24,2.7
f3b0ae77-22d6-45d4-85a6-94e83d3c28ea,e899af03-5506-42ef-982b-ddccd0fd536e,17b5864d-dd20-4c37-84b6-625f58340f34,2024-12-26 00:36:22,2024-12-26 03:15:22,Cancelled,4336.21,UPI,7,4.2
5af0ead2-44a5-4da9-a138-1be83d92f18b,96eaaa81-d5b1-4b8b-a5de-ae449b1a5089,ba03317d-02b9-4c38-ae4b-c589320d2632,2024-12-14 18:52:28,2024-12-14 21:29:28,Delivered,962.98,Cash,13,3.7
69b0fc10-f1b3-49bf-9659-c03e90ddb5aa,bce90553-98a2-402f-b0a5-91c37c76f230,ac023a5f-7f9e-4cd5-a217-9faaee991ef1,2024-12-19 16:47:12,2024-12-19 16:58:12,Cancelled,4764.22,UPI,2,1.1
a0954b98-9ab6-41ac-9edf-0eb3a086482a,84369965-de4b-47d1-8d14-3a44c164622e,438ad436-417f-42eb-868d-57ffb775a131,2024-12-25 01:55:34,2024-12-25 04:46:34,Pending,2964.61,UPI,6,4.8
178c03d0-0e01-40b4-8c71-cefed03e7b17,4cc66c06-af44-4688-9ff7-46c9e6849b45,4ed04a42-fe2c-4815-ae37-9ffd93d1dece,2024-12-23 01:01:29,2024-12-23 02:43:29,Pending,4877.0,Cash,8,3.7
904c7eaf-8f19-47dc-8381-875fbda552f7,ddd9684f-7e73-4364-88f9-0702cd66a6b5,8e0fdcc8-8d61-4cc9-a5e6-02f680897ccb,2024-12-28 22:02:21,2024-12-28 23:35:21,Pending,8877.91,UPI,27,1.4
8ae4cee0-19aa-402e-b74b-03f2f8e73e96,40edf1a7-3232-477d-91a1-8111ebc7316a,461c7d20-68b8-446a-b12d-3ae480f0d74f,2024-12-19 05:26:18,2024-12-19 08:01:18,Cancelled,9522.45,Credit Card,27,2.3
9ea90459-aeed-48b2-bc62-ae1b100cb460,dcea5311-b369-4fdf-8e36-7b8acb63b157,2689b703-2981-4d99-b436-6c1a0505f102,2024-12-17 06:21:14,2024-12-17 07:11:14,Cancelled,4471.63,Cash,17,1.1
d97d1a22-da5f-46dc-bbc7-083f4498d2a2,786cc185-fb93-404f-8d92-e91d3e18ed3f,2b2c5e35-a92b-4b44-b596-7b938365b64b,2024-12-27 04:37:27,2024-12-27 06:18:27,Delivered,4902.23,Cash,9,4.5
d9d423e1-1221-49bd-8e13-563a0758fd06,308bf711-e3ef-4d5d-8c04-cb8f9b1d87c5,faa0ff8b-a8eb-4134-a9cb-51527ad2de1c,2024-12-31 17:01:48,2024-12-31 18:42:48,Cancelled,6094.97,Cash,4,3.5
c9b20a03-bfa7-4083-8b37-3e3ae1b2a102,dec6421f-03fa-4b18-82c8-014bbdaff295,8e0fdcc8-8d61-4cc9-a5e6-02f680897ccb,2024-12-23 00:44:33,2024-12-23 01:18:33,Delivered,115.04,UPI,12,1.8
5a9e1af8-8c14-462a-96d9-f7a725f3416a,d759e43d-dec8-4358-bd4d-2695252ea091,c170a64d-5f29-4650-b884-53e0830676e8,2024-12-20 03:09:15,2024-12-20 05:00:15,Cancelled,6620.92,Credit Card,29,1.3
b72dbbc6-f7b2-479f-838d-69d79c29a858,ff044cee-9d3c-4e14-bd69-13c65e428450,c170a64d-5f29-4650-b884-53e0830676e8,2024-12-16 20:47:19,2024-12-16 22:48:19,Delivered,6789.54,UPI,10,3.7
40a8fbbf-6e26-4d64-8f4e-4353ccfc4d22,49d95622-b5f7-4f86-8417-c89045f21773,a6f68d7e-7d0b-40d3-9663-4c52ce28e7a3,2024-12-27 20:19:39,2024-12-27 21:25:39,Delivered,5234.38,UPI,2,3.0
7cae87e6-91fa-4a49-9c02-e7a7c24df55d,15e34e6b-957d-4d21-98f6-179dcef6356f,d7beff33-c81e-41e1-8fdb-48038f95f49d,2024-12-13 17:36:19,2024-12-13 19:35:19,Pending,9229.29,Credit Card,12,4.2
5894abe7-c30e-4631-b5bc-5af4087e16be,c6d4dd80-a83c-4381-9717-77f8292b2e67,faa0ff8b-a8eb-4134-a9cb-51527ad2de1c,2024-12-25 09:25:24,2024-12-25 11:44:24,Pending,87.73,Credit Card,27,3.2
5580356b-9e99-4a8b-8533-1366e5d372de,d759e43d-dec8-4358-bd4d-2695252ea091,6624a9cf-19ca-416d-a842-68f2d851d615,2024-12-22 19:13:25,2024-12-22 20:17:25,Pending,493.84,Credit Card,28,3.4
771103d4-87a0-4a1e-8b43-3166b041d9e0,82fc3fbb-9e97-465c-a35e-8068036cb586,c0ed033f-ab46-40c1-87dd-28cc3456293b,2024-12-26 22:16:17,2024-12-26 22:55:17,Cancelled,1469.5,Cash,8,1.7
105e67f9-6b27-4c4a-b0e1-6e1e4f4dce31,c31d22ed-2afc-4cd7-81ea-11a52a134bcb,5c4fb810-f481-41a1-b1a5-b7b1b21fbf77,2024-12-26 17:50:05,2024-12-26 19:46:05,Cancelled,9557.6,Cash,16,2.5
adc00ef5-6865-409a-b799-8e5b1d1a9e48,2ffde132-59bc-4ba0-97a0-eb58d0a60c2d,d325ba7c-e27e-4356-b586-e6bcc0a84f47,2024-12-17 10:48:34,2024-12-17 12:01:34,Cancelled,5246.6,UPI,16,4.9
25c46998-5024-4b4f-9cb1-3af6e32566bb,3c4df340-22e4-42cd-9067-e24d2458c2bb,347b981d-52a5-4595-a45e-2c81e2ead96d,2024-12-24 23:52:26,2024-12-25 01:20:26,Cancelled,3380.14,Credit Card,6,5.0
1c79e30d-b2f6-4c1b-9cf5-265ee7dcbea1,4cc66c06-af44-4688-9ff7-46c9e6849b45,f96c1fbd-76e2-4bcb-808b-4046faf816b8,2024-12-14 20:54:13,2024-12-14 22:44:13,Pending,5948.02,UPI,28,4.5
3d61c663-e322-4352-ac85-ef229787e08e,eeb4fffb-8a3b-4f7a-a09d-2827452017ce,7f2c96e1-b390-42ff-892c-f7c1356853b9,2024-12-24 16:29:08,2024-12-24 17:28:08,Delivered,6418.22,UPI,15,1.6
eb1380bb-0808-48d6-83b7-7ec400ae48d2,752700b9-225d-49f7-9351-1a69afa9ef00,17b5864d-dd20-4c37-84b6-625f58340f34,2024-12-27 17:37:34,2024-12-27 19:18:34,Delivered,1590.91,Cash,17,4.2
34ed8180-5573-4fc1-a8e3-db49dfafe829,2b0ea571-c89d-4efc-a24a-65e7a700a6fa,0c402681-52a6-4b12-813d-12920041fac6,2024-12-31 12:29:59,2024-12-31 13:43:59,Delivered,3955.71,Credit Card,18,4.2
9e71665f-a86b-44eb-87ee-a368c8a158e6,3853c236-0f0c-49c6-9ca5-55959c33bc71,51eac267-e971-46e1-9c38-849c0fbb2a44,2024-12-21 19:38:25,2024-12-21 22:21:25,Cancelled,5896.19,UPI,16,3.9
37158ef2-b570-4d68-abfa-54e94960467b,7a46392c-37a2-4713-9015-8118195b5995,a0589c63-376e-403c-b53c-f1caf1c43f5a,2024-12-27 18:36:28,2024-12-27 20:43:28,Cancelled,809.18,Cash,18,2.9
e22bcb5a-40e1-48fd-bc55-52ce575b8026,8918a560-68ae-47b4-b874-16bbdee5f43b,ce769bab-269f-4f20-b653-b51eead5caed,2024-12-27 02:41:27,2024-12-27 03:31:27,Cancelled,1483.5,Cash,10,1.7
dd179556-17c7-40d9-b7f9-a4b8a5929a7f,58b872a9-8015-4140-b7a8-26af50ff0f7f,fb63fb98-9695-4ac2-90b6-e08229ebb4b0,2024-12-18 23:27:56,2024-12-19 02:15:56,Delivered,5065.13,UPI,10,2.7
a46cb3cf-cc15-44e1-a90b-26b3951db0a3,30685c76-02f8-48ff-bc36-3dcb4ea82efb,68690841-7ca2-4676-b7aa-3d5cb2e4d03b,2024-12-29 20:21:36,2024-12-29 21:31:36,Cancelled,9743.14,Credit Card,15,3.6
d1a22788-f610-4efe-ac76-3832e12f022d,e3c96b47-748c-43e7-9653-4c98e5b38883,d325ba7c-e27e-4356-b586-e6bcc0a84f47,2024-12-19 07:48:13,2024-12-19 08:17:13,Pending,2414.38,Cash,23,3.6
5bc2e73b-f1c9-4b13-947b-f201dc82680f,fcaf4808-b00d-41a2-a70f-33549b4f1d68,347b981d-52a5-4595-a45e-2c81e2ead96d,2024-12-24 16:45:35,2024-12-24 19:03:35,Delivered,2841.31,Cash,25,2.2
d995f062-2cdc-423f-965b-8304ef587b26,9193a3ab-ac09-4c40-acb6-846f3886da44,347b981d-52a5-4595-a45e-2c81e2ead96d,2024-12-15 06:53:14,2024-12-15 07:26:14,Cancelled,3210.08,Credit Card,27,1.6
fb057897-3639-49ce-89d7-97dc9fd4ce17,53aacad7-602c-471e-adf5-38c0743f5a3d,9ec3dcaf-14de-4b3d-9bc1-99300db3fb88,2024-12-16 15:54:05,2024-12-16 16:05:05,Cancelled,8001.54,Credit Card,1,1.7
ea48e92a-4713-4311-a605-1b0f662639ea,40edf1a7-3232-477d-91a1-8111ebc7316a,a6f68d7e-7d0b-40d3-9663-4c52ce28e7a3,2024-12-16 04:07:24,2024-12-16 04:34:24,Delivered,5370.49,Cash,28,3.3
7a569662-6a2b-4567-8e69-092e0ae58c62,8a636c9a-ee84-4185-bb2c-7e985de2f26d,38351e52-5503-4a75-93f4-9680bcfc9924,2024-12-26 01:09:47,2024-12-26 02:50:47,Cancelled,2939.0,Credit Card,18,3.7
18dba28e-d1ec-4f48-b94a-a6bbec3e605d,4f26d6f3-0ee4-4543-b806-9f3b17c43734,686055bc-4b07-4c5d-850c-6f1958b0c526,2024-12-21 04:57:10,2024-12-21 06:08:10,Delivered,1320.99,Cash,9,2.1
06a920f2-bb06-4b39-a539-2fabdfcb2693,6321ef14-a1f3-4b9a-9b03-a1f05d9b2b74,ef595b0f-5503-4bc7-b11f-40776eec28e4,2024-12-25 23:52:28,2024-12-26 02:10:28,Delivered,7728.85,UPI,19,2.7
9cbc4c6e-84a9-4aa2-81f0-8b1ad370178a,134fd349-51ca-4772-956f-2a9d50685e0a,b709de1e-9519-4f95-ae25-0ad852306501,2024-12-16 08:54:18,2024-12-16 11:43:18,Pending,379.84,UPI,16,3.4
b8d214d5-a08c-4ca8-8bef-78c575fcc99e,4f26d6f3-0ee4-4543-b806-9f3b17c43734,77441961-e9b8-494b-b363-f73957eec962,2024-12-15 18:06:35,2024-12-15 19:18:35,Cancelled,3346.21,Cash,4,1.1
f4ea5b61-bfd7-4cfc-9d3a-e09d9cd5c1e0,2fe0b910-c8ad-4cc8-985c-c924838bee07,faa0ff8b-a8eb-4134-a9cb-51527ad2de1c,2024-12-25 07:01:21,2024-12-25 08:39:21,Delivered,262.77,Credit Card,28,3.7
6957cd8e-88b9-4010-9c69-58ce27da8dc7,d759e43d-dec8-4358-bd4d-2695252ea091,51eac267-e971-46e1-9c38-849c0fbb2a44,2024-12-20 17:19:16,2024-12-20 18:02:16,Cancelled,1440.05,UPI,25,1.4
f1ba8e1b-ba65-40c4-a141-489b2cb81944,20605669-8cdb-4438-9b0e-f76df459e267,0c402681-52a6-4b12-813d-12920041fac6,2024-12-30 08:41:49,2024-12-30 08:55:49,Cancelled,5837.47,Cash,21,4.0
230d2aee-eaa0-41b3-9da0-129a3281da62,984fc2c3-61a0-4f5e-9223-bd61e82c0076,063bd9b3-d7b5-4102-8414-fa63cfb7873a,2024-12-25 11:22:45,2024-12-25 13:36:45,Pending,6744.59,UPI,23,3.8
584846f6-1c86-407e-9dee-ec45bedc43cb,bd7395c2-49a0-479c-bc11-4e723c722b3b,a6f68d7e-7d0b-40d3-9663-4c52ce28e7a3,2024-12-19 09:59:16,2024-12-19 12:22:16,Pending,5195.02,Credit Card,14,2.3
62be1271-207b-48a9-b8bf-72d9f6df6285,99bd8921-5198-4e16-95a2-e93a5725c699,3ddddfec-1c7b-4fa8-8f71-4b490c9d7694,2024-12-22 11:46:31,2024-12-22 13:53:31,Pending,6603.35,Credit Card,9,2.8
5b3b4460-e3be-429e-a7f1-d5684154cacf,80cdbfd0-af10-41dd-81f3-751889c4931b,05272eb6-b9d0-490d-9ce3-a0f76257a0e8,2024-12-30 11:07:46,2024-12-30 12:20:46,Pending,9438.93,Cash,5,3.7
1f6b259c-7845-4a7a-88fe-71efdd65af18,82fc3fbb-9e97-465c-a35e-8068036cb586,ee767a81-b20a-4dbd-8ec5-dafb442fbfb0,2024-12-21 06:24:54,2024-12-21 06:50:54,Pending,2947.24,UPI,10,3.6
0577f6f7-3dc5-4007-aa86-952c15253604,53cb1e1c-cad2-48e7-97b6-21c01532b174,f54f6da3-78f1-4f2d-abd5-f3ae7510f743,2024-12-30 00:07:45,2024-12-30 01:20:45,Pending,8887.51,Credit Card,29,1.3
a693899a-c4fb-460e-a218-2d33f2698e49,8e80d410-53c4-4fbe-8881-37dd6eef439e,a6f68d7e-7d0b-40d3-9663-4c52ce28e7a3,2024-12-23 11:15:06,2024-12-23 13:17:06,Cancelled,355.3,UPI,18,2.7
72dc1d6e-e5a2-47f6-bfe6-bdfecb26415f,77ac7718-255d-4da3-bb11-5eed45100a51,1b7ac74b-67b8-4e66-be66-1bcc4e6f09ab,2024-12-22 02:40:49,2024-12-22 04:03:49,Pending,295.87,Cash,18,3.7
1021d350-ac00-4826-ab8a-456cc1dab5f3,a8f55df1-437b-4c78-9089-ab61aaa9ac33,9449f0a1-5dae-43f1-bda9-ebdb93d9ca08,2024-12-24 06:50:33,2024-12-24 07:04:33,Pending,7387.35,UPI,12,4.4
33fccb9a-0a13-4303-a298-a1e59d6a0d0b,c86e1e40-27db-40a0-993f-4ff7aa91d4c3,5a8f2397-157f-4f7f-9c47-40f22bcacdc6,2024-12-21 07:40:30,2024-12-21 08:16:30,Delivered,5704.33,Cash,20,1.5
93d6bcad-9ffe-4795-86aa-5c03933a6350,15e34e6b-957d-4d21-98f6-179dcef6356f,65c6098e-0110-4346-922d-755452553aa9,2024-12-23 03:50:31,2024-12-23 05:35:31,Delivered,3912.72,Credit Card,12,3.1
24eee5e3-7050-4f8d-90d4-10d464b35aae,77e68d15-ad47-48c6-96ed-1c91f7623e16,63e084de-d654-4875-98b4-95a6e0e72aaf,2024-12-24 14:49:50,2024-12-24 15:36:50,Cancelled,1470.04,Cash,7,4.4
8902e362-23fb-4cb2-8297-f817accbcc0f,220026c3-4c9d-4965-b546-810f4d3efbf1,0c402681-52a6-4b12-813d-12920041fac6,2024-12-15 09:52:44,2024-12-15 12:51:44,Cancelled,7499.49,UPI,15,3.6
2b9111d7-d46e-4d8a-a50a-8ef33b950023,45464654-88bf-45f5-be4c-bb013fec736e,39bafaa0-5dac-4c5e-8def-78cff2a64e1a,2024-12-22 16:54:38,2024-12-22 17:20:38,Delivered,4448.84,Credit Card,12,2.0
0771f6d9-9f6c-4a86-9c34-d8776de7b3af,a523a177-1251-4a80-86fd-203384a217eb,d7beff33-c81e-41e1-8fdb-48038f95f49d,2024-12-17 13:16:36,2024-12-17 13:58:36,Pending,9392.52,Cash,7,4.2
725dd7c8-738a-4fb1-ad27-d224fc440412,152368bc-2f34-44bf-91e5-6c04208b76db,639d0c2a-48bc-4386-929e-6f64a17fb68e,2024-12-21 03:37:37,2024-12-21 05:08:37,Cancelled,6757.41,Credit Card,1,1.4
9a9f2899-3277-484c-ac47-9df96e87660f,2b0ea571-c89d-4efc-a24a-65e7a700a6fa,2b2c5e35-a92b-4b44-b596-7b938365b64b,2024-12-18 00:43:19,2024-12-18 01:21:19,Pending,5724.48,Credit Card,16,1.7
449e933f-a88c-4a39-ba0a-78f6fb148f28,12d1929f-e61e-4a26-8ae4-bd022666f189,0c402681-52a6-4b12-813d-12920041fac6,2024-12-22 08:52:11,2024-12-22 09:24:11,Cancelled,6569.04,Cash,12,3.5
5aa423a3-8bc6-4f7a-b164-ca5ef3fd513d,bd7395c2-49a0-479c-bc11-4e723c722b3b,ce769bab-269f-4f20-b653-b51eead5caed,2024-12-30 06:04:07,2024-12-30 09:01:07,Cancelled,4844.45,UPI,2,2.6
00cbae8f-3ca9-4f0c-8f4c-325c8a5ef4c9,77e68d15-ad47-48c6-96ed-1c91f7623e16,133e4fa6-cfc6-4f35-9fc1-ebb1a709f6de,2024-12-22 20:41:39,2024-12-22 22:31:39,Pending,5568.18,Cash,16,1.2
1816cf31-fb7f-4e10-a464-d396fb8e95e5,6ebe29d0-c0dc-4ec9-bdfb-d5b58e5bf33c,347b981d-52a5-4595-a45e-2c81e2ead96d,2024-12-27 09:54:22,2024-12-27 10:27:22,Delivered,3420.59,UPI,24,2.1
95663119-4e5a-4ca9-a4a4-841da1d75276,d20e2007-6fc5-4027-8adb-3a59b32d6ae8,c6a41a8e-715b-4c83-a2b6-23b9eb62d69f,2024-12-13 18:37:19,2024-12-13 21:14:19,Delivered,855.35,Credit Card,5,2.5
0a5c059f-6a3d-4c5e-b8d2-80752a9599d6,893aba8f-de5d-4f07-b691-68c0b9ef7a86,ce769bab-269f-4f20-b653-b51eead5caed,2024-12-22 12:50:11,2024-12-22 14:24:11,Cancelled,5444.28,Cash,17,4.8
82af5516-f531-4b65-9087-fe66a8b9be20,20e2913a-6506-4359-b124-1b9638a66f48,ee767a81-b20a-4dbd-8ec5-dafb442fbfb0,2024-12-29 03:13:11,2024-12-29 05:15:11,Pending,5318.15,UPI,27,2.3
e448d8dc-54f3-4764-a6b5-ff676bd629e7,d759e43d-dec8-4358-bd4d-2695252ea091,1b7ac74b-67b8-4e66-be66-1bcc4e6f09ab,2024-12-27 02:53:45,2024-12-27 05:26:45,Delivered,2741.26,Cash,22,2.5
d9eb1c2a-d72e-46d2-b442-98c614d7ea3d,afff7ea5-8312-48b3-9913-e9fe5175e43f,9ec3dcaf-14de-4b3d-9bc1-99300db3fb88,2024-12-24 08:50:01,2024-12-24 11:02:01,Cancelled,3450.66,UPI,1,4.6
1bc661e9-f529-426b-83af-39a09f317b3d,8489da1a-c743-4f9c-9c2c-94ab58454446,93427b8e-7e42-4aff-a803-fb4deec83371,2024-12-22 07:05:17,2024-12-22 08:53:17,Delivered,8512.23,UPI,7,3.4
88c3ebbc-3694-4fba-a84f-9d0e179a074f,7d40b0a5-1295-4651-8669-55ee8de2cf61,ac023a5f-7f9e-4cd5-a217-9faaee991ef1,2024-12-27 15:47:12,2024-12-27 17:08:12,Pending,280.72,Credit Card,21,3.6
0847e593-ef73-4be5-8b85-cb438429b2ba,deedb7a6-2cf4-41d2-827a-e1b66841e2ae,4865100e-73e7-453a-b2d8-78fc4e0c0d53,2024-12-31 07:26:49,2024-12-31 10:25:49,Delivered,1995.46,Cash,2,3.2
4097b72c-e1f6-4c9a-99ca-0aaddceea5b3,6016875d-dcdd-4551-8102-c41b5c1fa393,85d98653-f529-4f0b-972c-b0907dc74c45,2024-12-25 01:42:33,2024-12-25 03:03:33,Cancelled,5447.83,Credit Card,29,4.9
2a4034f3-d17d-4a7a-b621-058499e0b919,dba12858-6709-4c14-8547-d8545f469982,ba03317d-02b9-4c38-ae4b-c589320d2632,2024-12-15 18:07:36,2024-12-15 19:31:36,Delivered,2686.09,Credit Card,6,4.6
872a4a98-d71a-4198-9bd1-acc4f2087fd5,29538ad3-0593-4e0d-94cf-ac1519b471d1,38351e52-5503-4a75-93f4-9680bcfc9924,2024-12-17 19:25:52,2024-12-17 19:57:52,Cancelled,5878.25,Credit Card,0,4.0
2df38349-41d3-400b-9ec0-1df20984e030,db15eea1-6051-4574-8854-fad57f102056,ba03317d-02b9-4c38-ae4b-c589320d2632,2024-12-19 20:14:26,2024-12-19 21:54:26,Pending,7547.99,Cash,19,4.9
1786be98-bbb8-486b-9a69-c333a928669e,ff92a013-8a5f-41cf-b7a0-434c93e7aa75,b56995d4-f40e-4ede-80ab-7ce5334ebb00,2024-12-28 17:55:00,2024-12-28 18:50:00,Pending,9050.66,UPI,16,3.5
606708f3-0219-4b12-8601-5ccd27f5510d,15e34e6b-957d-4d21-98f6-179dcef6356f,aa4e4308-b182-4e60-bbc1-a60d79c3c03a,2024-12-13 13:42:11,2024-12-13 16:41:11,Pending,1537.65,UPI,25,1.2
0ef860c6-bfb4-4eab-88ae-3155c734f391,8a47c2bb-11bd-4e01-9129-2aa6610b8a4f,77441961-e9b8-494b-b363-f73957eec962,2024-12-21 03:22:01,2024-12-21 05:37:01,Cancelled,3908.97,UPI,24,3.0
cd312c49-254b-4674-95d2-ce50eda2cad8,9fd3947c-737b-4495-a928-3f70ca67e964,39bafaa0-5dac-4c5e-8def-78cff2a64e1a,2024-12-30 08:31:28,2024-12-30 11:29:28,Delivered,8437.38,Credit Card,20,3.5
4e68760e-e998-4faf-9b4e-4097bb3a3b75,195505ca-0cf9-481f-ab0b-48e73cd345e4,2689b703-2981-4d99-b436-6c1a0505f102,2024-12-20 20:58:54,2024-12-20 22:45:54,Delivered,5067.24,Credit Card,24,1.7
2dd196ce-940e-4820-a19e-fa89966f2fe4,ff044cee-9d3c-4e14-bd69-13c65e428450,3e56851a-6112-4d0f-bbfc-a498aadf5752,2024-12-18 04:48:20,2024-12-18 06:17:20,Pending,9041.52,Cash,26,3.7
34581982-19b9-493c-bb3f-bf6648a7803f,5c45d100-acce-4067-bcd0-bc0aceac184d,7f2c96e1-b390-42ff-892c-f7c1356853b9,2024-12-24 07:14:59,2024-12-24 09:45:59,Pending,9158.52,Cash,12,4.2
23b9506e-a196-45ad-9271-cd8d8a418f55,f3a53f8a-a6f2-4bdd-a4ff-ef71b7f9a55d,a6f68d7e-7d0b-40d3-9663-4c52ce28e7a3,2024-12-18 14:17:00,2024-12-18 17:07:00,Pending,3056.05,Cash,9,2.9
d53d28c7-d600-471a-8d69-ec1bd43b39dc,dba12858-6709-4c14-8547-d8545f469982,701d767a-2f14-4de7-804e-6f5eee670bad,2024-12-21 22:34:25,2024-12-21 23:01:25,Cancelled,6241.39,Credit Card,21,2.9
70e427b7-0bb6-4733-97cc-5cd5195b92f8,bce90553-98a2-402f-b0a5-91c37c76f230,5c4fb810-f481-41a1-b1a5-b7b1b21fbf77,2024-12-18 19:40:28,2024-12-18 21:52:28,Delivered,6925.1,UPI,20,3.9
0e489a76-47af-4eb1-8e4e-de7f0de4e867,dcea5311-b369-4fdf-8e36-7b8acb63b157,5a8f2397-157f-4f7f-9c47-40f22bcacdc6,2024-12-18 00:37:10,2024-12-18 03:16:10,Pending,6344.19,Cash,25,3.3
67f358ca-df10-4646-b6fe-5bfd80c92e7c,f0a5d88d-329b-4ab1-a07e-ae202c6823c0,d96d3651-5c18-414d-8d5f-60da69e197fe,2024-12-21 22:18:34,2024-12-21 22:49:34,Pending,1627.22,Cash,23,1.7
f8e79235-e114-45c2-aa04-c8de1deb03e0,152368bc-2f34-44bf-91e5-6c04208b76db,f54f6da3-78f1-4f2d-abd5-f3ae7510f743,2024-12-23 11:03:33,2024-12-23 12:11:33,Delivered,3380.61,Credit Card,0,4.4
fe76889f-4894-4e41-90f6-a5677559ea5f,0b8ae372-fcda-4334-99de-c43c4923b4a6,9dd120b6-c0f5-452e-ad12-5881a0f7a0f7,2024-12-15 15:41:08,2024-12-15 16:25:08,Pending,3770.49,Cash,19,2.5
10a2b90a-313d-455c-bc4c-60fa51123f7e,2889cb8b-39bb-4c5b-a7ed-eee96959425e,ac023a5f-7f9e-4cd5-a217-9faaee991ef1,2024-12-28 03:46:04,2024-12-28 04:15:04,Pending,7865.15,UPI,6,3.8
5a93adf6-2877-4e4f-bed0-f2898f36ce8e,c1416494-071a-484c-a297-96dd93352a22,95e66353-d9cf-4ffb-ac2c-2c9b4ab15990,2024-12-26 10:53:05,2024-12-26 13:20:05,Cancelled,325.89,UPI,15,2.6
760da99f-0e0f-43ee-9056-183254d70056,69dbe7db-1508-437e-ae8c-29ec0d05a625,39bafaa0-5dac-4c5e-8def-78cff2a64e1a,2024-12-28 16:53:14,2024-12-28 18:26:14,Delivered,5613.7,Cash,1,1.5
8af6b8b0-e756-4864-be7b-7894ae7c14c1,0e3c3bb0-cee4-469f-9aeb-e577177b7ee5,b6cd37ba-309d-4576-86e1-239d45829226,2024-12-27 17:21:43,2024-12-27 18:25:43,Cancelled,3513.52,UPI,4,3.3
f925dfe7-b113-4a3c-83f3-7492dc2ba62a,7092e6e8-16a1-43ea-b7e7-7454aa19c8fb,77441961-e9b8-494b-b363-f73957eec962,2024-12-15 07:46:08,2024-12-15 10:08:08,Cancelled,8917.25,UPI,2,1.7
fb72866d-3961-4709-a9ff-7f00455bce12,8a677954-376f-4df3-be0f-3868889b52ba,3ddddfec-1c7b-4fa8-8f71-4b490c9d7694,2024-12-31 23:30:30,2025-01-01 01:47:30,Pending,4965.51,UPI,9,2.1
2544cbfb-f3d1-41c4-a6b0-65413b489fac,3d149a14-2c7d-4688-8f54-4585f69c0835,effbebd3-5275-4ce4-a382-6de7673cc06b,2024-12-16 10:55:02,2024-12-16 12:55:02,Delivered,2163.09,Cash,28,2.3
ef98c1c7-69c2-4421-976a-b381d4355859,8e48b3f0-4f7a-42f9-971d-3a41cc1522c4,63e084de-d654-4875-98b4-95a6e0e72aaf,2024-12-27 05:17:59,2024-12-27 05:55:59,Cancelled,5495.15,Cash,28,3.9
8c8f5828-1431-4ad7-9ca7-e0c8159df01e,7cf0c107-d25f-4f85-bf65-650bea239bb5,ba03317d-02b9-4c38-ae4b-c589320d2632,2024-12-22 14:11:36,2024-12-22 16:29:36,Delivered,8984.35,Credit Card,9,3.3
c350ec5e-b8c8-407f-bcfa-03c71b447e63,8e48b3f0-4f7a-42f9-971d-3a41cc1522c4,230d9ce6-677c-454f-83c4-1dd56a823c73,2024-12-31 10:12:42,2024-12-31 10:53:42,Pending,550.3,UPI,7,2.9
a97b279d-79dc-4e61-9e40-427f200f44ac,76a0016b-f576-483c-9009-f5bf94e4da24,5c19b8e1-ac9d-402e-9410-75ebe5d4158b,2024-12-28 22:30:14,2024-12-29 01:00:14,Delivered,5906.49,UPI,26,3.9
95bf0b8d-ca90-4695-a5eb-6719037ce03d,42df6ec9-ba71-4d56-af85-f25528eecfd8,9ec3dcaf-14de-4b3d-9bc1-99300db3fb88,2024-12-13 22:39:31,2024-12-13 23:44:31,Pending,5564.69,Credit Card,1,4.3
6c132ace-b0e6-46d2-b1bf-16504ad1912c,acbebf6e-a372-489f-9193-a12b85c9b203,63e084de-d654-4875-98b4-95a6e0e72aaf,2024-12-20 20:57:00,2024-12-20 23:44:00,Pending,9673.27,Credit Card,25,1.7
92e59fc9-93c9-4a81-9767-4673c9bbed12,afff7ea5-8312-48b3-9913-e9fe5175e43f,7f2c96e1-b390-42ff-892c-f7c1356853b9,2024-12-21 07:58:55,2024-12-21 09:00:55,Cancelled,7117.38,Credit Card,14,2.3
97171dbd-ec07-4c71-806e-91a53235a788,20605669-8cdb-4438-9b0e-f76df459e267,c0ed033f-ab46-40c1-87dd-28cc3456293b,2024-12-27 16:12:41,2024-12-27 17:17:41,Delivered,2590.81,Cash,7,2.6
9457f6fe-3293-42a9-a82c-546ccd43ff24,308bf711-e3ef-4d5d-8c04-cb8f9b1d87c5,9d52dcaa-9172-49aa-b716-94446c619584,2024-12-15 16:09:33,2024-12-15 17:29:33,Cancelled,1528.14,Credit Card,12,2.5
faa4f884-511a-4928-acb8-6403739c1db6,3c4df340-22e4-42cd-9067-e24d2458c2bb,93427b8e-7e42-4aff-a803-fb4deec83371,2024-12-29 07:06:59,2024-12-29 07:41:59,Cancelled,9812.7,UPI,5,2.7
431e2c8f-d2b0-4bb8-b0cd-fed9fd5fde5f,dba12858-6709-4c14-8547-d8545f469982,7a96ba93-0cf6-47bd-afa0-5cf4e4c9ac7a,2024-12-22 02:37:25,2024-12-22 05:30:25,Cancelled,721.99,UPI,0,1.3
a2aa1ba2-46ff-4a1f-900f-5580a46be724,31012f61-6011-48c1-a752-f84f4168e18b,c6a41a8e-715b-4c83-a2b6-23b9eb62d69f,2024-12-24 07:02:28,2024-12-24 09:08:28,Delivered,1246.84,Cash,16,4.6
5b56bdfe-897d-4652-82c1-e1c625890fbe,76995099-50ce-429c-899d-270803e81345,9dd120b6-c0f5-452e-ad12-5881a0f7a0f7,2024-12-22 08:04:28,2024-12-22 09:14:28,Cancelled,6861.96,Cash,10,5.0
51f02966-f1e6-4384-9e8c-190b73340fe0,afff7ea5-8312-48b3-9913-e9fe5175e43f,ba03317d-02b9-4c38-ae4b-c589320d2632,2024-12-16 17:44:10,2024-12-16 19:59:10,Cancelled,206.04,Cash,25,3.5
53c9c7bf-5032-4d52-800f-379e3831ba73,12d1929f-e61e-4a26-8ae4-bd022666f189,7f2c96e1-b390-42ff-892c-f7c1356853b9,2024-12-31 21:24:10,2024-12-31 22:05:10,Cancelled,6050.25,Credit Card,14,3.7
b4982d30-dc16-47b4-8ae4-03d5c506294a,cae6a674-1985-4f22-ba96-64c4d1e3e8e4,ac023a5f-7f9e-4cd5-a217-9faaee991ef1,2024-12-19 16:40:28,2024-12-19 19:37:28,Delivered,9400.02,UPI,21,4.7
f18eb2aa-45f9-442b-8135-4bc3927a97e6,893aba8f-de5d-4f07-b691-68c0b9ef7a86,701d767a-2f14-4de7-804e-6f5eee670bad,2024-12-25 10:00:17,2024-12-25 10:30:17,Pending,228.23,Cash,19,2.5
0c7420ee-f92a-435d-9e53-657f420655e1,e31863b8-5342-439a-a11b-fae5208b0c70,461c7d20-68b8-446a-b12d-3ae480f0d74f,2024-12-26 16:13:08,2024-12-26 18:09:08,Cancelled,6226.94,Credit Card,12,4.3
fd22c25d-3aa2-4af4-902d-c72bf810ff72,dcea5311-b369-4fdf-8e36-7b8acb63b157,f4ca6309-d385-4924-88d5-de58d1c1e35b,2024-12-27 09:48:44,2024-12-27 11:18:44,Delivered,8183.85,Credit Card,15,1.8
8fce3b98-5f1b-4325-b6c2-f90743891f3a,e8251fca-4afc-42e5-90c4-3d651dfb0362,c0ed033f-ab46-40c1-87dd-28cc3456293b,2024-12-20 10:07:51,2024-12-20 12:46:51,Cancelled,4186.13,Credit Card,11,4.1
abf44eec-3cf2-457e-a3af-e047a4616f0f,1f30f392-2750-41fd-8c5b-5bbb3bd441c2,0a8bc6e6-ceca-4256-81f5-c75a8c84faca,2024-12-30 05:01:57,2024-12-30 05:45:57,Cancelled,1174.33,Credit Card,28,2.1
a47299ef-c627-414e-b90f-ceb185f6fd84,752700b9-225d-49f7-9351-1a69afa9ef00,b709de1e-9519-4f95-ae25-0ad852306501,2024-12-18 19:48:12,2024-12-18 20:48:12,Pending,905.61,UPI,9,4.4
3c629047-2592-4791-b6e9-7e160a49b566,77ac7718-255d-4da3-bb11-5eed45100a51,063bd9b3-d7b5-4102-8414-fa63cfb7873a,2024-12-26 21:14:28,2024-12-26 23:48:28,Delivered,8680.22,UPI,20,1.7
058a52b0-a507-4410-a7c9-3c409f8a838c,ff044cee-9d3c-4e14-bd69-13c65e428450,438ad436-417f-42eb-868d-57ffb775a131,2024-12-21 16:43:11,2024-12-21 18:51:11,Delivered,8828.47,Credit Card,9,1.4
d47dc078-c809-480b-82f8-f2bc71392482,3853c236-0f0c-49c6-9ca5-55959c33bc71,47508b83-3cab-48c5-bf4a-3f932de55738,2024-12-22 17:53:08,2024-12-22 19:44:08,Cancelled,8267.24,UPI,14,3.6
0d3c4094-e920-4316-be39-219ace34172a,c1416494-071a-484c-a297-96dd93352a22,b56995d4-f40e-4ede-80ab-7ce5334ebb00,2024-12-31 12:24:19,2024-12-31 13:44:19,Pending,9451.63,Cash,19,4.4
666bc56a-5598-409f-a78d-e8826b763544,2ffde132-59bc-4ba0-97a0-eb58d0a60c2d,6330f4df-f7d0-47fd-ae9c-a8918e691d75,2024-12-27 03:23:15,2024-12-27 04:06:15,Cancelled,7082.86,Cash,20,4.5
94e975b9-7f48-4b35-ad5f-f1f86786a626,69dbe7db-1508-437e-ae8c-29ec0d05a625,05272eb6-b9d0-490d-9ce3-a0f76257a0e8,2024-12-28 05:47:10,2024-12-28 06:43:10,Pending,8193.96,UPI,21,4.4
d887d744-12f0-4df0-b7bd-351e0f5c31af,49160028-ec18-4721-a33e-88e55e666b0a,65c6098e-0110-4346-922d-755452553aa9,2024-12-24 12:52:56,2024-12-24 13:10:56,Pending,8310.15,Cash,23,3.5
dba6a032-7476-4302-a72d-72207597be06,e31863b8-5342-439a-a11b-fae5208b0c70,639d0c2a-48bc-4386-929e-6f64a17fb68e,2024-12-18 22:35:03,2024-12-18 23:17:03,Pending,2509.73,UPI,19,1.9
afb7fa61-e963-40ee-989d-6889db7d80f4,30685c76-02f8-48ff-bc36-3dcb4ea82efb,39bafaa0-5dac-4c5e-8def-78cff2a64e1a,2024-12-31 20:16:41,2024-12-31 23:16:41,Delivered,1156.12,Cash,7,3.2
ead59129-3354-461c-9faf-6d5bf6f429de,6cc18b6e-c4e6-451f-894c-5fb56d88d906,ac023a5f-7f9e-4cd5-a217-9faaee991ef1,2024-12-26 01:27:35,2024-12-26 03:27:35,Pending,8367.3,Cash,23,2.6
3a41e285-c0aa-47e7-b2b8-55ed2ab59488,d819f7ce-990a-4d92-bb6f-a099dd4703d5,6330f4df-f7d0-47fd-ae9c-a8918e691d75,2024-12-14 13:50:52,2024-12-14 14:24:52,Delivered,6062.09,Cash,3,1.1
85546521-dcc6-493f-8b67-de4c4af09487,984fc2c3-61a0-4f5e-9223-bd61e82c0076,3ddddfec-1c7b-4fa8-8f71-4b490c9d7694,2024-12-23 06:21:41,2024-12-23 07:07:41,Cancelled,652.45,Cash,21,2.0
774f67e3-684e-411b-ac77-e73f0ef5efaf,eb1c66ce-b908-4ff5-9704-64a56b38ec34,c0ed033f-ab46-40c1-87dd-28cc3456293b,2024-12-18 23:10:11,2024-12-19 00:17:11,Delivered,1230.04,UPI,12,2.8
d89e6c04-8ee6-4c82-b395-495ce6f24422,de914553-e45c-403f-96c1-8e5b472c88bc,d96d3651-5c18-414d-8d5f-60da69e197fe,2024-12-20 04:03:13,2024-12-20 04:52:13,Delivered,7289.46,UPI,8,2.1
b0e7c11d-6143-4235-be45-eb7d197ee1d6,7484cb5b-d0e9-455f-9751-5842d8c79376,7f2c96e1-b390-42ff-892c-f7c1356853b9,2024-12-31 19:49:59,2024-12-31 21:47:59,Pending,2533.38,Credit Card,11,1.7
5ad0fa9d-f384-4d87-a512-62ff67fbeec1,8398ca85-990f-4d2b-aa43-6f15153e59f1,93427b8e-7e42-4aff-a803-fb4deec83371,2024-12-31 18:55:34,2024-12-31 20:07:34,Delivered,9827.4,UPI,10,3.6
0cb95699-f725-42d6-92f7-591d0b496eec,cae6a674-1985-4f22-ba96-64c4d1e3e8e4,ce769bab-269f-4f20-b653-b51eead5caed,2024-12-18 19:12:47,2024-12-18 21:53:47,Pending,6205.09,Cash,3,1.5
77afd414-f632-4857-ad1a-ecfaad52da5c,c76a5d53-0326-4969-8129-ed1c24a14e24,b709de1e-9519-4f95-ae25-0ad852306501,2024-12-26 11:17:45,2024-12-26 13:23:45,Pending,67.4,UPI,3,2.2
2040c898-104a-4a8c-987d-11f428a5b7ba,5d22d41f-ebf6-47da-b906-281b2afdaa1d,dce1bbc6-125c-4e90-b431-94cd5dcd8aa0,2024-12-30 01:20:57,2024-12-30 04:09:57,Pending,9405.04,Cash,25,4.4
4d7d296c-afd2-4728-bb1e-0cfe245e9ea8,29538ad3-0593-4e0d-94cf-ac1519b471d1,f54f6da3-78f1-4f2d-abd5-f3ae7510f743,2024-12-14 23:08:39,2024-12-15 00:03:39,Delivered,5814.83,Credit Card,8,3.1
38648d17-115d-4431-bd18-68f1d871fabc,dba12858-6709-4c14-8547-d8545f469982,05272eb6-b9d0-490d-9ce3-a0f76257a0e8,2024-12-29 02:53:22,2024-12-29 03:20:22,Cancelled,7634.63,Credit Card,25,4.2
58b4e509-b1b3-4b48-9074-245d9b20ee39,8d7a82f9-dae0-4ef2-862e-9328640ad68e,68690841-7ca2-4676-b7aa-3d5cb2e4d03b,2024-12-25 04:45:00,2024-12-25 06:03:00,Pending,5687.34,UPI,11,4.3
d72cc571-3d24-41d3-a6eb-2c3c86676237,0b8ae372-fcda-4334-99de-c43c4923b4a6,b709de1e-9519-4f95-ae25-0ad852306501,2024-12-25 06:31:28,2024-12-25 09:04:28,Delivered,1011.47,Credit Card,9,3.7
5cf36d96-84f6-490f-8674-93b2c0ae8aeb,e55a1fea-d86b-48a8-b47a-51f6e8433a15,133e4fa6-cfc6-4f35-9fc1-ebb1a709f6de,2024-12-15 02:03:28,2024-12-15 04:54:28,Delivered,143.39,Credit Card,24,4.7
84f76f43-2771-48f0-8536-8aef949c8518,dba12858-6709-4c14-8547-d8545f469982,d96d3651-5c18-414d-8d5f-60da69e197fe,2024-12-19 14:26:36,2024-12-19 15:15:36,Delivered,9451.23,UPI,29,4.6
7645b0eb-fa87-4adb-ad1b-6f975bc636b4,9e161679-7e19-4536-92a4-29d4f6045b59,4ed04a42-fe2c-4815-ae37-9ffd93d1dece,2024-12-16 06:40:08,2024-12-16 08:10:08,Pending,7043.48,UPI,21,4.5
e4d485e3-eaad-4a2f-a052-300b2ad4d975,e31863b8-5342-439a-a11b-fae5208b0c70,ef595b0f-5503-4bc7-b11f-40776eec28e4,2024-12-23 22:46:04,2024-12-24 01:32:04,Pending,8687.03,Credit Card,24,1.2
7d1c6f24-925b-4b6a-97c9-4e612e8ca74a,e31863b8-5342-439a-a11b-fae5208b0c70,9dd120b6-c0f5-452e-ad12-5881a0f7a0f7,2024-12-30 08:22:05,2024-12-30 09:49:05,Pending,8791.03,UPI,25,3.1
a2d02429-9599-41d8-82af-487819eddbb0,0dabd199-302f-4627-9dcb-c8cad23fa8ce,3e56851a-6112-4d0f-bbfc-a498aadf5752,2024-12-26 16:51:27,2024-12-26 18:12:27,Delivered,1041.32,Credit Card,7,2.4
c2daea68-0f37-4284-b86f-30611fdc6e75,9411fe38-6946-4c2f-82ec-53ed28a154df,ce769bab-269f-4f20-b653-b51eead5caed,2024-12-16 07:34:16,2024-12-16 07:52:16,Pending,3551.89,Credit Card,5,2.3
0c16a144-a778-437f-87e3-5f530ed59609,53cb1e1c-cad2-48e7-97b6-21c01532b174,17b5864d-dd20-4c37-84b6-625f58340f34,2024-12-27 02:22:31,2024-12-27 04:12:31,Pending,6621.24,UPI,12,4.0
37f9c89e-d01b-418a-bb97-49541724df9c,cae6a674-1985-4f22-ba96-64c4d1e3e8e4,a71f8399-58f6-4489-bd9a-e4ab0648fd0b,2024-12-22 08:01:06,2024-12-22 08:55:06,Pending,9032.4,Credit Card,15,4.4
36d8ca9e-f977-4243-859b-e1000429e47a,e41d3acf-f9b0-4139-85dc-112c84d5134a,639d0c2a-48bc-4386-929e-6f64a17fb68e,2024-12-15 05:12:11,2024-12-15 06:48:11,Delivered,8233.23,UPI,22,1.0
a204745c-06e9-4510-9285-fe57af2f92d4,bd7395c2-49a0-479c-bc11-4e723c722b3b,38351e52-5503-4a75-93f4-9680bcfc9924,2024-12-23 20:56:14,2024-12-23 22:15:14,Delivered,4122.29,Credit Card,9,3.6
bc5ddc2a-c2d8-4a20-9ccb-cce262913f40,e7d52735-df91-4313-83c4-778339c94cc8,9d52dcaa-9172-49aa-b716-94446c619584,2024-12-21 06:10:41,2024-12-21 08:42:41,Cancelled,855.98,UPI,23,1.8
c50f4c38-3fc8-45d1-ad84-e5eaafd752db,fcaf4808-b00d-41a2-a70f-33549b4f1d68,8e0fdcc8-8d61-4cc9-a5e6-02f680897ccb,2024-12-26 09:41:00,2024-12-26 12:22:00,Cancelled,3434.89,UPI,12,4.2
c974c884-a1b3-4255-919a-a5b6d893dd1b,8a636c9a-ee84-4185-bb2c-7e985de2f26d,ce769bab-269f-4f20-b653-b51eead5caed,2024-12-20 04:02:04,2024-12-20 04:44:04,Delivered,6887.04,Credit Card,12,1.6
fc2c11b7-cadb-499a-8956-6156cc927bf0,2bea7fad-8639-4b0b-875f-6db8926e4293,dce1bbc6-125c-4e90-b431-94cd5dcd8aa0,2024-12-25 12:19:41,2024-12-25 12:59:41,Pending,2376.22,Credit Card,9,3.0
0790563f-d618-4a63-acb8-80f1a48818ad,deedb7a6-2cf4-41d2-827a-e1b66841e2ae,85d98653-f529-4f0b-972c-b0907dc74c45,2024-12-30 17:19:47,2024-12-30 20:01:47,Delivered,1228.21,Cash,28,1.4
ab94de28-9363-446a-9602-7a61af943b75,d759e43d-dec8-4358-bd4d-2695252ea091,4865100e-73e7-453a-b2d8-78fc4e0c0d53,2024-12-31 19:09:14,2024-12-31 20:37:14,Delivered,6347.5,UPI,22,3.1
48297217-442a-4fd9-8c90-a063c717304e,c31d22ed-2afc-4cd7-81ea-11a52a134bcb,ac023a5f-7f9e-4cd5-a217-9faaee991ef1,2024-12-19 06:28:23,2024-12-19 08:24:23,Pending,541.75,Cash,13,2.6
86b1e31a-629e-4f83-9567-e8b306acec4c,c263734a-5265-4896-bc3b-80225f2c2cae,aa4e4308-b182-4e60-bbc1-a60d79c3c03a,2024-12-28 09:09:10,2024-12-28 11:29:10,Pending,6792.07,Credit Card,23,2.9
da078b6c-02e0-4d0c-93f8-e23b426b7a23,40edf1a7-3232-477d-91a1-8111ebc7316a,d7beff33-c81e-41e1-8fdb-48038f95f49d,2024-12-18 21:08:29,2024-12-18 23:35:29,Cancelled,6362.06,Cash,14,3.0
84ec53e5-1a40-4a42-83cd-2206780b85cf,134fd349-51ca-4772-956f-2a9d50685e0a,6330f4df-f7d0-47fd-ae9c-a8918e691d75,2024-12-30 14:59:39,2024-12-30 15:45:39,Delivered,4871.41,Cash,8,1.6
4f613685-39c5-4acd-a4b4-ff6de3db44b0,20605669-8cdb-4438-9b0e-f76df459e267,7f2c96e1-b390-42ff-892c-f7c1356853b9,2024-12-27 18:56:16,2024-12-27 19:06:16,Pending,5411.93,Credit Card,13,3.1
b7b9de94-6759-4719-aa68-3c5254ca7135,2c021b06-2008-4233-a616-e7d75c2e0df9,93427b8e-7e42-4aff-a803-fb4deec83371,2024-12-21 10:42:07,2024-12-21 11:55:07,Delivered,5596.56,UPI,16,2.5
8acb8e06-0a73-4e7d-9fef-66b47789e091,53cb1e1c-cad2-48e7-97b6-21c01532b174,cf1983cc-d088-42e6-844d-991ccda79bd8,2024-12-22 08:31:52,2024-12-22 11:01:52,Cancelled,2136.48,Credit Card,20,2.9
2bebdc56-df30-4496-9929-ca1c996442c8,45464654-88bf-45f5-be4c-bb013fec736e,7d34b3a7-2f56-43dc-9bd3-21542dc3f332,2024-12-23 21:58:54,2024-12-23 23:43:54,Pending,4092.55,Credit Card,16,4.9
a1ec2103-4911-4a3a-aaa7-c2f4defd5e34,6ebe29d0-c0dc-4ec9-bdfb-d5b58e5bf33c,2689b703-2981-4d99-b436-6c1a0505f102,2024-12-14 16:51:13,2024-12-14 18:33:13,Pending,2007.91,UPI,19,4.3
3925e6e0-dd93-455a-835e-6a6c02e135c1,20c11160-3f59-4822-8965-f0e1cc82cfdd,d7beff33-c81e-41e1-8fdb-48038f95f49d,2024-12-20 18:46:05,2024-12-20 20:05:05,Delivered,8093.16,UPI,11,4.6
c15aa1e5-0d54-48ad-8eb1-e6884407d556,2889cb8b-39bb-4c5b-a7ed-eee96959425e,ba03317d-02b9-4c38-ae4b-c589320d2632,2024-12-17 22:19:11,2024-12-17 22:49:11,Pending,5756.83,UPI,13,4.9
d6432a48-6c42-4f4c-b2a5-0b815122a0d7,bfbd48bf-e21f-4fbe-8fc5-074bb56b1268,658428ef-e8d3-4eeb-9289-2b8227da7916,2024-12-28 09:22:47,2024-12-28 12:11:47,Cancelled,6156.72,Cash,0,4.9
b5a6f50e-8fe2-4164-977c-8c40b1633b86,67ebe1bb-a2f1-43c8-8a6a-c33a3c45557b,f96c1fbd-76e2-4bcb-808b-4046faf816b8,2024-12-25 10:04:15,2024-12-25 10:14:15,Delivered,3009.16,Credit Card,0,1.8
c781432b-5661-4982-8fd6-ed93d93610ad,4cc66c06-af44-4688-9ff7-46c9e6849b45,1b7ac74b-67b8-4e66-be66-1bcc4e6f09ab,2024-12-18 13:48:21,2024-12-18 16:28:21,Pending,8439.87,UPI,21,1.3
40ede2ac-b41d-41c0-bd1e-dbc3e603c9d4,1cd70931-5311-4582-ad32-72bd4598a12d,63e084de-d654-4875-98b4-95a6e0e72aaf,2024-12-23 21:11:11,2024-12-23 23:55:11,Cancelled,4036.41,UPI,27,3.0
1d09105d-9429-415a-b863-3353918c9a53,ef4b06f1-3ffb-4067-a1b6-03875f415a7b,39bafaa0-5dac-4c5e-8def-78cff2a64e1a,2024-12-31 19:38:33,2024-12-31 22:17:33,Cancelled,4011.42,Cash,21,3.3
1f2ef04e-4b6b-4586-99c1-fb82b36a60a2,85a8eb22-e391-47db-b5ff-dddda0deb457,6624a9cf-19ca-416d-a842-68f2d851d615,2024-12-31 04:08:00,2024-12-31 04:49:00,Cancelled,1419.03,Cash,23,1.5
2707146f-f7a0-4f47-b374-33e391aee3be,7cddb694-08ad-464c-ad65-7870c5692e72,313b3515-09e5-4b9b-8f78-f22ca2b248a4,2024-12-24 12:57:31,2024-12-24 15:47:31,Cancelled,6656.49,Credit Card,7,1.7
4f74713c-d7ec-4d12-be44-b646a65427c5,d56cba8d-e8ae-4ecf-9899-931157a97987,47508b83-3cab-48c5-bf4a-3f932de55738,2024-12-25 06:53:54,2024-12-25 09:36:54,Delivered,1980.67,UPI,15,3.4
67f47775-d73a-4daa-9163-a376c080c9be,eaa2cde5-60eb-4baf-9ca8-dc11ad110f08,ef595b0f-5503-4bc7-b11f-40776eec28e4,2024-12-16 12:06:07,2024-12-16 14:12:07,Delivered,3235.54,Cash,29,1.3
dc577b4f-4491-42e9-8b74-6745a6986214,152368bc-2f34-44bf-91e5-6c04208b76db,b56995d4-f40e-4ede-80ab-7ce5334ebb00,2024-12-28 23:44:26,2024-12-29 01:47:26,Pending,1774.68,UPI,21,3.6
31c6dad0-a108-4b1c-a0dd-c4baa7923188,eaa2cde5-60eb-4baf-9ca8-dc11ad110f08,63e084de-d654-4875-98b4-95a6e0e72aaf,2024-12-17 06:36:14,2024-12-17 08:34:14,Pending,50.4,Cash,27,1.4
2730bbc3-dfa8-4d5b-afb0-8e2d8d28c45a,0dab843d-0754-478d-aacf-c4e4d4b53a86,9d52dcaa-9172-49aa-b716-94446c619584,2024-12-18 01:18:04,2024-12-18 01:51:04,Pending,7411.66,UPI,27,3.9
e128116d-15f4-452b-a09b-a1a43a5ae9f3,72b72b83-6efb-4651-8974-47a03b3230fa,02036516-1502-4b0d-8199-39e34e683999,2024-12-14 16:11:18,2024-12-14 19:04:18,Delivered,2551.25,UPI,2,1.5
4a143d42-e086-4482-881b-f29156914b98,20e2913a-6506-4359-b124-1b9638a66f48,1b7ac74b-67b8-4e66-be66-1bcc4e6f09ab,2024-12-14 22:43:15,2024-12-14 23:00:15,Pending,8484.33,UPI,28,4.4
1ea1e1be-8f94-453f-a964-85e1eb8d8ed3,77e68d15-ad47-48c6-96ed-1c91f7623e16,0c402681-52a6-4b12-813d-12920041fac6,2024-12-17 00:39:55,2024-12-17 02:50:55,Cancelled,989.0,Cash,5,4.3
3ec3ea16-3a2d-45f5-a448-509405cbbad5,0064cfad-9368-4e3a-b6b4-7acd15226429,063bd9b3-d7b5-4102-8414-fa63cfb7873a,2024-12-16 02:47:04,2024-12-16 03:31:04,Pending,3965.97,Cash,24,2.9
eca61fdc-de02-4784-baaa-1d8d4060874c,85e99877-bd05-4cac-998b-3889661ebed4,f54f6da3-78f1-4f2d-abd5-f3ae7510f743,2024-12-21 21:34:09,2024-12-21 21:45:09,Delivered,2262.2,Cash,15,3.7
1fa7b9e3-a767-4f66-aead-d0aa59cbd252,8d7a82f9-dae0-4ef2-862e-9328640ad68e,ba03317d-02b9-4c38-ae4b-c589320d2632,2024-12-29 08:32:49,2024-12-29 10:35:49,Pending,4296.79,Credit Card,11,2.4
052d5049-60c8-46e3-b0b1-d6f826d7f1c7,3c4df340-22e4-42cd-9067-e24d2458c2bb,39bafaa0-5dac-4c5e-8def-78cff2a64e1a,2024-12-26 18:02:31,2024-12-26 19:28:31,Delivered,7584.84,Cash,21,4.1
1bd36d59-9f5e-4cd5-886c-668745d850e9,e41d3acf-f9b0-4139-85dc-112c84d5134a,5c19b8e1-ac9d-402e-9410-75ebe5d4158b,2024-12-24 00:39:46,2024-12-24 03:13:46,Delivered,6744.7,Credit Card,20,3.7
739b83f7-ec48-4a85-8073-c25bf33455d7,3853c236-0f0c-49c6-9ca5-55959c33bc71,cf1983cc-d088-42e6-844d-991ccda79bd8,2024-12-22 04:30:05,2024-12-22 06:15:05,Pending,2792.72,UPI,8,4.4
eebb9aa8-373a-410d-9e56-b4e6af276de6,ff044cee-9d3c-4e14-bd69-13c65e428450,3ddddfec-1c7b-4fa8-8f71-4b490c9d7694,2024-12-29 23:42:02,2024-12-30 01:17:02,Cancelled,4152.2,Cash,0,3.4
5ca64caa-6bc9-4d22-95d7-a9a031eb4130,f05d300d-2935-4899-8de5-d4df5ba33599,77441961-e9b8-494b-b363-f73957eec962,2024-12-20 05:59:15,2024-12-20 06:16:15,Delivered,5768.19,Credit Card,1,2.4
7d6a7af7-adc3-4b6d-9bf8-58cb2a9558c9,1f30f392-2750-41fd-8c5b-5bbb3bd441c2,77441961-e9b8-494b-b363-f73957eec962,2024-12-31 15:07:11,2024-12-31 16:01:11,Delivered,8627.62,Cash,25,3.8
542d2fb1-46cd-4155-b9f0-f71f7eb877d8,073627f2-352c-455c-924f-a26befdadfc8,c6a41a8e-715b-4c83-a2b6-23b9eb62d69f,2024-12-26 14:32:48,2024-12-26 14:47:48,Pending,8789.83,Cash,28,1.7
2df3f5a4-875a-4935-a323-b47a1814e7ce,d56cba8d-e8ae-4ecf-9899-931157a97987,347b981d-52a5-4595-a45e-2c81e2ead96d,2024-12-18 00:45:03,2024-12-18 01:10:03,Delivered,3300.83,Credit Card,14,2.1
24005225-5a82-418e-a469-9e7ad5472cbd,de914553-e45c-403f-96c1-8e5b472c88bc,f4ca6309-d385-4924-88d5-de58d1c1e35b,2024-12-23 18:04:03,2024-12-23 21:04:03,Cancelled,7560.27,Credit Card,18,1.8
33735aa2-db4c-46de-8122-8feac1fab76d,58d8735b-a969-423d-bd2e-4ac61ad6a2b4,f14d23bb-aa90-4d82-99d2-216f7459a48e,2024-12-25 07:34:59,2024-12-25 10:28:59,Cancelled,9084.11,UPI,21,3.9
14114a16-29ed-4757-8ebf-76cbe3c5841b,134fd349-51ca-4772-956f-2a9d50685e0a,6330f4df-f7d0-47fd-ae9c-a8918e691d75,2024-12-25 15:11:28,2024-12-25 16:25:28,Pending,1876.62,Cash,10,4.5
59f8748f-d247-4058-835e-4aa7e0e7834f,2500bdf8-eb21-4d54-8ee7-039f9f9736ab,17b5864d-dd20-4c37-84b6-625f58340f34,2024-12-16 16:07:38,2024-12-16 16:26:38,Cancelled,3916.44,UPI,7,2.6
1b962348-bb15-4818-a822-92b255f0aeac,f7ded53f-0bb3-46a2-90cf-a45b0d2de4df,a6f68d7e-7d0b-40d3-9663-4c52ce28e7a3,2024-12-27 19:03:28,2024-12-27 21:48:28,Delivered,8982.47,UPI,2,3.5
f78d0239-99bb-4ff8-828f-dfecf7a6de87,7d40b0a5-1295-4651-8669-55ee8de2cf61,2689b703-2981-4d99-b436-6c1a0505f102,2024-12-18 15:04:41,2024-12-18 18:01:41,Delivered,4505.76,Credit Card,1,3.2
0312cd6d-b198-476c-8fbf-7080f47f6413,e3de073b-4114-4c5f-b5a4-58445b923c1a,313b3515-09e5-4b9b-8f78-f22ca2b248a4,2024-12-26 07:06:16,2024-12-26 09:22:16,Cancelled,6273.77,Cash,24,4.4
8de43955-1f20-457c-b7c1-01ca99de0855,7d22c71c-0121-47b4-8f33-36f8ad8ad088,51eac267-e971-46e1-9c38-849c0fbb2a44,2024-12-21 11:47:19,2024-12-21 14:05:19,Pending,5568.34,Cash,15,4.6
5b184656-4f2b-41fd-9a13-28b9ea14db37,2fb65a0d-d595-499a-b3b2-83fba3dd1503,c626d057-52ba-43b8-b792-b137a207933a,2024-12-19 21:44:45,2024-12-19 22:42:45,Pending,5333.24,UPI,6,1.7
583c695d-ef6d-4660-8a9f-f67a89cfbd32,308bf711-e3ef-4d5d-8c04-cb8f9b1d87c5,ef595b0f-5503-4bc7-b11f-40776eec28e4,2024-12-15 05:26:25,2024-12-15 06:22:25,Pending,2589.96,Cash,1,3.5
c6d4b583-4067-4a6c-af6e-392eaaa351de,5b7ba70f-7ea0-4d84-9d7c-a7b3418a5f78,dce1bbc6-125c-4e90-b431-94cd5dcd8aa0,2024-12-26 12:01:28,2024-12-26 12:16:28,Cancelled,9377.11,Cash,28,3.5
0468828a-3e1a-4da2-bdfe-9bc5ca60768c,bd5b6c4a-78b1-428a-ae34-4fd820fb19e0,3e56851a-6112-4d0f-bbfc-a498aadf5752,2024-12-29 18:11:37,2024-12-29 20:03:37,Delivered,9496.31,Cash,29,1.1
c229d493-dcea-49c9-a43d-61b1148aeb2d,9193a3ab-ac09-4c40-acb6-846f3886da44,7d34b3a7-2f56-43dc-9bd3-21542dc3f332,2024-12-20 17:13:16,2024-12-20 18:17:16,Pending,6908.61,UPI,15,2.0
07ac8646-4fd7-48f5-b0a3-4c9d0a65d5d8,9e161679-7e19-4536-92a4-29d4f6045b59,02036516-1502-4b0d-8199-39e34e683999,2024-12-20 21:57:12,2024-12-20 22:17:12,Delivered,877.15,Cash,2,3.8
f9075590-243b-4935-a841-2f2b7053c786,984fc2c3-61a0-4f5e-9223-bd61e82c0076,b56995d4-f40e-4ede-80ab-7ce5334ebb00,2024-12-20 04:46:34,2024-12-20 06:11:34,Pending,3588.0,Cash,1,1.9
0c09261e-f657-469c-9d74-195f5187a5d1,993fbe7b-ad37-435e-9f37-0517b04f8085,b56995d4-f40e-4ede-80ab-7ce5334ebb00,2024-12-23 11:19:21,2024-12-23 11:35:21,Pending,8450.01,Credit Card,1,1.0
482075f2-dd54-45d3-b62a-3ecb767d982a,7cf0c107-d25f-4f85-bf65-650bea239bb5,9449f0a1-5dae-43f1-bda9-ebdb93d9ca08,2024-12-19 05:09:48,2024-12-19 07:13:48,Pending,4407.68,Cash,20,2.4
20c099a4-49ef-4358-b5fd-174762e65492,38486351-28d5-45cc-ba72-aae429a7e8e4,6bdadff3-cf89-47c4-8528-a1399fff0652,2024-12-29 17:06:11,2024-12-29 17:34:11,Pending,7388.08,Cash,28,4.4
ba5131bf-4c79-43b9-a354-c22b81c82070,afca8046-dddf-4d61-a9f6-cb83bb426472,c6a41a8e-715b-4c83-a2b6-23b9eb62d69f,2024-12-18 23:32:02,2024-12-19 00:49:02,Cancelled,298.03,UPI,17,3.8
9a253385-d65a-478e-91b4-d687a2e1175e,13c59c3a-19dc-4ac1-bb41-0436a9ea7da5,1b7ac74b-67b8-4e66-be66-1bcc4e6f09ab,2024-12-26 08:56:00,2024-12-26 09:33:00,Cancelled,8138.5,Cash,22,4.6
546189f2-ac28-40fd-ad4c-f3d6421952f1,03794344-25d7-479c-b499-19d76a82348e,93427b8e-7e42-4aff-a803-fb4deec83371,2024-12-24 16:57:18,2024-12-24 18:57:18,Delivered,7648.89,Credit Card,14,2.6
561cd174-f7de-4280-b963-9969a884b297,03794344-25d7-479c-b499-19d76a82348e,8e0fdcc8-8d61-4cc9-a5e6-02f680897ccb,2024-12-26 05:48:26,2024-12-26 07:55:26,Cancelled,3484.69,UPI,25,4.2
bfd1a3c4-c4f2-4f50-9538-fd9513a3863f,eeb4fffb-8a3b-4f7a-a09d-2827452017ce,9ec3dcaf-14de-4b3d-9bc1-99300db3fb88,2024-12-19 12:50:53,2024-12-19 13:27:53,Pending,7196.12,Credit Card,5,2.3
744d9048-4fd0-4490-8d78-d40068329237,c86e1e40-27db-40a0-993f-4ff7aa91d4c3,ba03317d-02b9-4c38-ae4b-c589320d2632,2024-12-18 03:21:51,2024-12-18 05:38:51,Pending,3420.39,UPI,6,4.1
f3f169a3-e2f2-43ba-8c2b-fa15c0b26f3b,e7d52735-df91-4313-83c4-778339c94cc8,ac023a5f-7f9e-4cd5-a217-9faaee991ef1,2024-12-24 19:16:20,2024-12-24 20:08:20,Pending,7971.37,UPI,9,3.9
8908e56f-212f-457d-a061-1e3e759ff826,1cc9bc7d-ea1c-43d8-adbe-615b04b3d862,aa4e4308-b182-4e60-bbc1-a60d79c3c03a,2024-12-27 18:54:46,2024-12-27 21:28:46,Delivered,7597.13,Credit Card,29,2.5
f1c7b3e2-dfbd-422f-bfee-eb498cd1e492,23a85467-2e25-4f02-bd10-fac0f0283200,38351e52-5503-4a75-93f4-9680bcfc9924,2024-12-26 12:48:07,2024-12-26 13:57:07,Cancelled,3702.54,Cash,6,3.8
75b0ca63-f40b-47cb-9dcc-dd790ad371d8,2fb65a0d-d595-499a-b3b2-83fba3dd1503,ac023a5f-7f9e-4cd5-a217-9faaee991ef1,2024-12-16 01:34:00,2024-12-16 03:23:00,Delivered,2420.94,Credit Card,4,2.3
0a1e2ae3-b894-4cfe-9500-48592af5a490,27a1a20f-c86d-4fa2-9674-54e9c521bd78,f4ca6309-d385-4924-88d5-de58d1c1e35b,2024-12-27 10:49:35,2024-12-27 13:11:35,Cancelled,6686.65,Cash,20,1.3
45f5351d-ac27-4822-a7cd-a1e9f0c9b86d,7bbff502-cc73-4a72-a786-52cfa0fb3616,5a8f2397-157f-4f7f-9c47-40f22bcacdc6,2024-12-24 11:59:10,2024-12-24 14:26:10,Pending,6977.59,UPI,21,3.6
54d2979c-7969-49cf-bffc-35c505f1090d,b1a909d0-b891-4ea3-a8ee-cbf5818dda8f,effbebd3-5275-4ce4-a382-6de7673cc06b,2024-12-28 16:55:18,2024-12-28 19:48:18,Delivered,7328.27,Credit Card,5,4.7
865b9535-53aa-4dfd-bbb2-cca6231c4752,67ebe1bb-a2f1-43c8-8a6a-c33a3c45557b,7b487edc-8f4c-45ce-b52d-bf3e31db3d33,2024-12-22 21:31:45,2024-12-22 22:55:45,Delivered,2808.04,UPI,12,3.7
5eebc0ad-e2a0-4081-b2c9-7af103c49ccb,15e34e6b-957d-4d21-98f6-179dcef6356f,658428ef-e8d3-4eeb-9289-2b8227da7916,2024-12-23 13:52:25,2024-12-23 14:59:25,Cancelled,431.28,Cash,29,4.4
f34e27ea-2b4b-41ff-b66f-33919d3362d0,3c4df340-22e4-42cd-9067-e24d2458c2bb,461c7d20-68b8-446a-b12d-3ae480f0d74f,2024-12-28 10:01:18,2024-12-28 11:28:18,Cancelled,4847.86,Cash,27,4.9
f34d2e0a-889b-43e5-bb87-a1f94059a43c,6c059432-6e34-46c6-9de9-c6ce21ece4bc,a0589c63-376e-403c-b53c-f1caf1c43f5a,2024-12-20 07:13:50,2024-12-20 10:07:50,Delivered,3270.74,Credit Card,27,4.7
4bf4d539-60bb-49d7-a611-647e12cfec20,e9f89df4-27fd-4c74-b6e9-5b68bc59cc5f,8e0fdcc8-8d61-4cc9-a5e6-02f680897ccb,2024-12-14 04:03:39,2024-12-14 05:42:39,Delivered,9197.01,Credit Card,26,2.1
2170ccc7-f976-4a16-9154-3d33a628d398,fba2e5ce-07a7-47c0-b1f5-b4594e03cdab,f4ca6309-d385-4924-88d5-de58d1c1e35b,2024-12-17 22:45:39,2024-12-18 00:39:39,Delivered,6307.76,UPI,26,1.0
7e167527-3dcd-4d14-9c02-f4f2647862ad,20605669-8cdb-4438-9b0e-f76df459e267,47508b83-3cab-48c5-bf4a-3f932de55738,2024-12-29 22:16:10,2024-12-29 23:20:10,Pending,1350.77,UPI,29,1.8
f6c59c42-19ba-4c59-ae56-51c4937f9c1c,ddd9684f-7e73-4364-88f9-0702cd66a6b5,d96d3651-5c18-414d-8d5f-60da69e197fe,2024-12-25 19:06:03,2024-12-25 21:13:03,Pending,2314.59,Credit Card,28,3.2
ad6aadc4-9968-4ee3-adcb-0a73fe5b1461,c7fd8be3-e568-4c16-a2c2-141495a05d73,ef595b0f-5503-4bc7-b11f-40776eec28e4,2024-12-30 23:27:34,2024-12-31 01:29:34,Pending,3131.6,Credit Card,5,2.4
13ac62dd-26a7-42ef-aa01-c6e4f37561b4,afff7ea5-8312-48b3-9913-e9fe5175e43f,faa0ff8b-a8eb-4134-a9cb-51527ad2de1c,2024-12-26 11:39:30,2024-12-26 13:11:30,Pending,2547.33,Cash,17,1.8
ef85009a-639c-4b02-bc40-62ac29a4a10a,35083601-b565-426f-95af-45c2977d1ab5,701d767a-2f14-4de7-804e-6f5eee670bad,2024-12-19 12:04:00,2024-12-19 13:14:00,Delivered,5578.5,UPI,24,4.3
6b71676b-3e4f-44d9-a807-4b44f624e55a,b59320d3-d69b-49c5-ab10-31017beb5d5a,9ec3dcaf-14de-4b3d-9bc1-99300db3fb88,2024-12-23 09:15:33,2024-12-23 10:01:33,Cancelled,7993.2,Credit Card,15,2.8
dd546db2-71aa-4d94-a8b3-45bce57e6d3b,8a636c9a-ee84-4185-bb2c-7e985de2f26d,133e4fa6-cfc6-4f35-9fc1-ebb1a709f6de,2024-12-31 02:17:38,2024-12-31 04:01:38,Pending,1965.42,Cash,23,4.7
bab13dc6-695d-4022-ba81-47b276beceaa,43ea9c2b-4fc5-410d-9579-38d16e112db0,4ed04a42-fe2c-4815-ae37-9ffd93d1dece,2024-12-23 01:53:07,2024-12-23 04:39:07,Pending,5168.07,UPI,23,2.2
0c33292b-1fbe-4096-bbab-0acf3e24da84,8918a560-68ae-47b4-b874-16bbdee5f43b,1b7ac74b-67b8-4e66-be66-1bcc4e6f09ab,2024-12-29 14:21:34,2024-12-29 16:58:34,Pending,1702.4,UPI,2,2.9
b096daea-ff18-408e-9a99-f25e7ef32583,2a3af6e1-0b03-44c1-9bb5-a585418b5907,c6a41a8e-715b-4c83-a2b6-23b9eb62d69f,2024-12-21 20:17:21,2024-12-21 22:00:21,Cancelled,9681.27,Credit Card,10,2.2
148c5a64-2dcc-4313-9b26-d104866b0262,f3a53f8a-a6f2-4bdd-a4ff-ef71b7f9a55d,63e084de-d654-4875-98b4-95a6e0e72aaf,2024-12-26 07:18:45,2024-12-26 09:54:45,Pending,210.5,Cash,21,3.9
c6c187af-589a-42b5-a7e8-6eaa1f86dcf4,195505ca-0cf9-481f-ab0b-48e73cd345e4,cf1983cc-d088-42e6-844d-991ccda79bd8,2024-12-30 21:54:33,2024-12-30 22:32:33,Cancelled,8869.74,Cash,6,1.4
d40c4473-a52a-417b-a9c6-09e578ce0b1e,2889cb8b-39bb-4c5b-a7ed-eee96959425e,7b487edc-8f4c-45ce-b52d-bf3e31db3d33,2024-12-24 03:31:55,2024-12-24 06:21:55,Delivered,9942.36,UPI,2,4.2
ae10f673-ac3c-473b-95d2-29114087e486,934d1cb4-e956-4ed5-8d48-c2857fdcbe94,f54f6da3-78f1-4f2d-abd5-f3ae7510f743,2024-12-21 13:48:21,2024-12-21 14:09:21,Pending,1710.98,Credit Card,23,1.8
8c3ef04c-4ada-446e-8221-662b88c90d14,cd719ecf-33e2-462e-84a0-6b2175fe69b1,0a8bc6e6-ceca-4256-81f5-c75a8c84faca,2024-12-19 12:06:00,2024-12-19 13:09:00,Cancelled,3594.22,Credit Card,26,5.0
18a67f3a-ecd8-4dc7-bbfa-0be983b397ff,670bdc3d-f5de-449d-8e2a-1a183cbfa815,02036516-1502-4b0d-8199-39e34e683999,2024-12-18 05:17:29,2024-12-18 07:55:29,Cancelled,5172.29,Cash,1,3.7
daaf2200-88f9-4e97-b0a4-657866a98eb7,e9f89df4-27fd-4c74-b6e9-5b68bc59cc5f,6330f4df-f7d0-47fd-ae9c-a8918e691d75,2024-12-17 22:48:39,2024-12-18 00:04:39,Delivered,4614.86,Cash,28,2.5
4ac2a1b8-4460-4795-b3f4-62b8b9cfba81,83eaf2d1-0d11-405a-8129-34c619d7ab5d,ce769bab-269f-4f20-b653-b51eead5caed,2024-12-21 03:33:01,2024-12-21 04:11:01,Pending,6111.34,UPI,21,1.8
98e16873-bfa6-4d8b-91fd-8a6b22d39401,20c11160-3f59-4822-8965-f0e1cc82cfdd,c0ed033f-ab46-40c1-87dd-28cc3456293b,2024-12-18 04:21:54,2024-12-18 07:20:54,Pending,9502.17,UPI,6,2.1
935b05e2-38a4-4fe1-94f0-95db3fcb81d0,db0ee068-5be6-41e3-a5f8-36f2e35d53d8,f54f6da3-78f1-4f2d-abd5-f3ae7510f743,2024-12-28 20:30:54,2024-12-28 22:38:54,Pending,1713.12,Credit Card,27,4.0
6e43565d-ed2b-4058-b56c-1564945acf2d,61d5faad-9cef-4c56-8d37-9980fea658ab,438ad436-417f-42eb-868d-57ffb775a131,2024-12-30 08:49:47,2024-12-30 11:35:47,Delivered,3610.13,Cash,16,3.7
de37e7ac-01ff-4694-a0da-f8fa72b855a6,a209e240-6288-405f-a40e-0b2944eacc6a,3e56851a-6112-4d0f-bbfc-a498aadf5752,2024-12-17 09:22:13,2024-12-17 11:01:13,Pending,8515.51,Credit Card,12,3.7
d1e9f341-1dc1-492d-84dc-c664bd11d7d4,1a6f599d-78fc-4bfe-b025-fba403af3b6c,b6cd37ba-309d-4576-86e1-239d45829226,2024-12-15 07:04:39,2024-12-15 09:29:39,Delivered,478.61,Credit Card,14,3.7
a619e224-8000-49f0-9aed-6f6cdecb5ea3,934d1cb4-e956-4ed5-8d48-c2857fdcbe94,313b3515-09e5-4b9b-8f78-f22ca2b248a4,2024-12-18 05:52:45,2024-12-18 08:42:45,Delivered,1255.77,Cash,22,3.7
b996de8c-80a3-437b-9885-6833112e1314,9b459b5f-d080-4064-b8cb-68e7bd4d1de2,b709de1e-9519-4f95-ae25-0ad852306501,2024-12-16 21:40:48,2024-12-17 00:32:48,Delivered,1639.39,UPI,6,2.0
e3441c2e-32c5-425e-ba2e-7530b7a83b6a,afca8046-dddf-4d61-a9f6-cb83bb426472,313b3515-09e5-4b9b-8f78-f22ca2b248a4,2024-12-14 13:35:17,2024-12-14 13:59:17,Pending,9838.51,Credit Card,3,3.9
7800f106-2bcc-45b0-8ce9-e378e3123e26,28df09d7-fac2-4941-bca1-a7fa2cd80bfa,f96c1fbd-76e2-4bcb-808b-4046faf816b8,2024-12-23 12:32:11,2024-12-23 14:49:11,Cancelled,4139.99,Credit Card,29,2.5
2eef77c9-1d56-47b4-a58c-aa0cc5029d38,76a0016b-f576-483c-9009-f5bf94e4da24,b709de1e-9519-4f95-ae25-0ad852306501,2024-12-19 15:24:28,2024-12-19 16:30:28,Pending,8824.46,Credit Card,15,2.0
8a7b9a92-a766-466e-bd22-03a40f5146b3,acbebf6e-a372-489f-9193-a12b85c9b203,a0589c63-376e-403c-b53c-f1caf1c43f5a,2024-12-22 20:13:35,2024-12-22 21:56:35,Delivered,1743.01,Cash,21,2.3
9339c6c1-569e-450a-a621-fa33b7dde15b,80cdbfd0-af10-41dd-81f3-751889c4931b,7d34b3a7-2f56-43dc-9bd3-21542dc3f332,2024-12-14 21:54:09,2024-12-14 23:39:09,Pending,550.54,UPI,29,4.0
f3f863f9-fdbd-400d-8345-656a781a5931,308bf711-e3ef-4d5d-8c04-cb8f9b1d87c5,347b981d-52a5-4595-a45e-2c81e2ead96d,2024-12-19 07:13:39,2024-12-19 09:25:39,Delivered,3808.79,UPI,22,2.6
01a506c4-5bd0-4dd2-bd46-76e10e0b3c44,96eaaa81-d5b1-4b8b-a5de-ae449b1a5089,8e0fdcc8-8d61-4cc9-a5e6-02f680897ccb,2024-12-20 00:16:40,2024-12-20 01:14:40,Cancelled,3854.94,Credit Card,7,3.7
f4c952fa-8df6-4118-b2f2-d49803271c00,c86e1e40-27db-40a0-993f-4ff7aa91d4c3,7f2c96e1-b390-42ff-892c-f7c1356853b9,2024-12-19 21:50:54,2024-12-19 22:56:54,Pending,8638.09,UPI,14,2.4
eca02dd4-01f2-4277-96be-d836433dcfe6,b467db19-0994-499a-bb67-b12dc032b100,c6a41a8e-715b-4c83-a2b6-23b9eb62d69f,2024-12-29 12:08:00,2024-12-29 13:21:00,Pending,147.08,Cash,22,4.3
4194b743-72ae-415f-81ba-45a7b16dfd3d,2a3af6e1-0b03-44c1-9bb5-a585418b5907,2b2c5e35-a92b-4b44-b596-7b938365b64b,2024-12-16 09:21:18,2024-12-16 10:37:18,Pending,2302.58,UPI,18,4.2
ac497942-2074-4704-a2db-b0f8c5537024,e3de073b-4114-4c5f-b5a4-58445b923c1a,c3835887-aa17-4e88-9c79-3fe5253f6b1a,2024-12-21 23:45:36,2024-12-22 00:23:36,Delivered,4349.53,Cash,13,3.7
6f961341-4f9a-4f14-aa53-9eccebee2d75,dcea5311-b369-4fdf-8e36-7b8acb63b157,b6cd37ba-309d-4576-86e1-239d45829226,2024-12-18 01:39:25,2024-12-18 01:55:25,Delivered,892.99,UPI,5,4.9
1ac0b7d6-a8af-4279-b872-74ade92ffc00,49d95622-b5f7-4f86-8417-c89045f21773,63e084de-d654-4875-98b4-95a6e0e72aaf,2024-12-18 23:06:32,2024-12-18 23:58:32,Pending,5570.45,UPI,17,1.9
52ad303d-3dae-49eb-bf99-841dccd21e2b,7092e6e8-16a1-43ea-b7e7-7454aa19c8fb,ef595b0f-5503-4bc7-b11f-40776eec28e4,2024-12-25 15:57:11,2024-12-25 17:02:11,Pending,6876.3,UPI,24,1.7
76a3497c-d342-4f46-b652-1d608dc02aeb,f7ded53f-0bb3-46a2-90cf-a45b0d2de4df,39bafaa0-5dac-4c5e-8def-78cff2a64e1a,2024-12-30 19:34:57,2024-12-30 20:22:57,Cancelled,9479.98,Cash,10,3.5
627518c5-f6b7-4808-8954-0fbd51e1e08f,7bbff502-cc73-4a72-a786-52cfa0fb3616,3ddddfec-1c7b-4fa8-8f71-4b490c9d7694,2024-12-31 16:24:47,2024-12-31 18:38:47,Delivered,7705.5,Credit Card,8,4.8
3615308f-38b2-4620-9f82-c2bc5b2785a5,8a677954-376f-4df3-be0f-3868889b52ba,5a8f2397-157f-4f7f-9c47-40f22bcacdc6,2024-12-28 02:22:45,2024-12-28 05:07:45,Delivered,4090.82,Credit Card,12,4.8
ee8cc0f5-2748-449d-8423-2afa83e76483,03794344-25d7-479c-b499-19d76a82348e,658428ef-e8d3-4eeb-9289-2b8227da7916,2024-12-29 17:14:08,2024-12-29 18:17:08,Cancelled,8534.85,Cash,23,3.1
0d7fe23c-fdcb-489c-a5f0-b39a2e9aa462,8489da1a-c743-4f9c-9c2c-94ab58454446,9dd120b6-c0f5-452e-ad12-5881a0f7a0f7,2024-12-27 20:14:40,2024-12-27 20:41:40,Pending,3421.62,Cash,6,1.7
c513f3c0-6d80-4bb1-b6ab-3359aae929b0,483a1c06-d4c7-4f0d-a078-6849e4e21252,f54f6da3-78f1-4f2d-abd5-f3ae7510f743,2024-12-22 19:31:18,2024-12-22 22:31:18,Pending,1564.74,Credit Card,12,4.5
